,creole,english
0,a,['future marker']
1,a,"['of', ' to', ' from', ' at']"
2,abichud,['used to']
3,(l)abitan,['farmer']
4,(l)abri,['shelter']
5,adrwa,['right (direction)']
6,Afrikin; afrikin,['African']
7,agosh,['left']
8,(l)aj,['age']
9,aklé,['lock']
10,akoz,['because']
11,alé,['go']
12,alentour,"['approximately', ' around', ' about']"
13,alfabèt,['alphabet']
14,Alman; alman,['German']
15,alon,"[""let's""]"
16,alòr,"['interjthen', ' so', "" Fr. 'donc'""]"
17,(z)ami,['friend']
18,(l)amour,['love']
19,(l)amourè,"['boyfriend', ' lover (male)']"
20,(z)an,['year (for counting age)']
21,(l)andoui,['andouille (sausage)']
22,(l)ané,['year']
23,anmær,['bitter']
24,aout,['August']
0,ap(é),['progressive marker']
1,apré,['after']
2,aprémidi,['nphrafternoon']
3,aprenn,"['learn', ' teach']"
4,"arété, arèt",['stop']
5,"arivé, ariv","['arrive', ' happen']"
6,ariyin,['nothing']
7,asé,['adv.enough']
8,"ashté, ashèt",['buy']
9,asit,['sit']
10,astœr,['now']
11,aswa,['tonight']
12,aværti,['warn']
13,avan,['before']
14,"avansé, avans",['progress']
15,avèk,['with']
16,avril,['April']
0,ap(é),['progressive marker']
1,apré,['after']
2,aprémidi,['nphrafternoon']
3,aprenn,"['learn', ' teach']"
4,"arété, arèt",['stop']
5,"arivé, ariv","['arrive', ' happen']"
6,ariyin,['nothing']
7,asé,['adv.enough']
8,"ashté, ashèt",['buy']
9,asit,['sit']
10,astœr,['now']
11,aswa,['tonight']
12,aværti,['warn']
13,avan,['before']
14,"avansé, avans",['progress']
15,avèk,['with']
16,avril,['April']
0,babìnn,['lip']
1,bæk,['back']
2,bal,['dance (social gathering)']
3,balé,['broom']
4,"balé, bal",['sweep']
5,"baloté, balot",['stagger']
6,(la)bank,['bank']
7,banndjo,['banjo']
8,(la)barb,['beard']
9,barbi,['catfish']
10,"barbouyé, barbouy","['dirty', ' get dirty']"
11,"baré, bar","['lock', ' block']"
12,bat,"['fight', ' beat']"
13,bati,['build']
14,batimen,['ship']
15,batimen-d-ær,['airplane']
16,batis,['building']
17,bato,['boat']
18,baton,['stick']
19,baton-mayi,['nphrcornstalk']
20,bayou,['bayou']
21,bèf,['cow']
22,bèl,['beautiful']
23,bèl,"['girlfriend', ' female lover']"
24,bèl-fiy,['daughter-in-law']
0,bèl-mær,"['mother-in-law', ' stepmother']"
1,bèl-sœr,['sister-in-law']
2,béñé,['beignet']
3,"bèñé, bèñ","['swim', ' bathe']"
4,bèt,"['stupid', ' animal']"
5,bétay,['livestock']
6,bezwin,['need']
7,(La)Bib,['Bible']
8,bisik,['bicycle']
9,biy,['bead']
10,blan,['white']
11,blanshi,['whitewash']
12,"blèsé, blès",['injure']
13,"bliyé, bliy",['forget']
14,bo-fis,['son-in-law']
15,bo-frær,['brother-in-law']
16,bo-pær,"['father-in-law', ' stepfather']"
17,bokou,"['many', ' very']"
18,bòl,['bowl']
19,bon,['good']
20,bon-marshé,['cheap']
21,Bondjè,['God']
22,bonjou,['interjhello']
23,Bonn fèt!,['phrHappy birthday!']
24,bonn-aryin,['good-for-nothing']
0,bonnœr,['early']
1,bonswa,"['interjgood evening', ' good night']"
2,bòs,['boss']
3,boskoyo,['cypress knee']
4,bòt,['boots']
5,(la)bou,['mud']
6,boudin,['boudin (sausage)']
7,boug,"['guy', ' man']"
8,"bouklé, bouk",['buckle']
9,(la)boukònn,['smoke']
10,boukònné,"['smoke (meat)', ' smoked']"
11,"boulværsé, boulværs","['upset', ' change suddenly']"
12,bounda,['butt']
13,(la)boush,['mouth']
14,(la)boushri,['boucherie']
15,bout,['end (of object)']
16,bout-d-tem,['nphra while']
17,boutéy,['bottle']
18,boutik,['store']
19,"bouyi, bouy",['boil']
20,bra,['arm']
21,branshaj,"['twigs', ' kindling']"
22,brenm,['eggplant']
23,"brilé, bril",['burn']
24,brilmen,['burn']
0,brilmen-lèstoma,['nphrheartburn']
1,"briyé, briy",['shine']
2,"brizé, briz",['shatter']
3,bwa,['drink']
4,bwason,['drink']
5,bwat,['box']
6,(la)byær,['beer']
7,byin,"['good', ' well', ' very']"
0,bèl-mær,"['mother-in-law', ' stepmother']"
1,bèl-sœr,['sister-in-law']
2,béñé,['beignet']
3,"bèñé, bèñ","['swim', ' bathe']"
4,bèt,"['stupid', ' animal']"
5,bétay,['livestock']
6,bezwin,['need']
7,(La)Bib,['Bible']
8,bisik,['bicycle']
9,biy,['bead']
10,blan,['white']
11,blanshi,['whitewash']
12,"blèsé, blès",['injure']
13,"bliyé, bliy",['forget']
14,bo-fis,['son-in-law']
15,bo-frær,['brother-in-law']
16,bo-pær,"['father-in-law', ' stepfather']"
17,bokou,"['many', ' very']"
18,bòl,['bowl']
19,bon,['good']
20,bon-marshé,['cheap']
21,Bondjè,['God']
22,bonjou,['interjhello']
23,Bonn fèt!,['phrHappy birthday!']
24,bonn-aryin,['good-for-nothing']
0,ça,"['prothat', ' what', ' it', ' they']"
1,ça-fé,['so']
2,ça...?,['what...?']
3,-ça(la)yé,['detthose']
4,-çala,['detthat']
5,çé,['be']
6,çé té,['it was']
7,chak,['drunk']
8,"chaké, chak",['get drunk']
9,"chéké, chèk",['check']
10,chi,['-chinsfxemphatic possessive']
11,(la)chirout,['diarrhea']
12,chombo,['hold']
13,"choué, chou",['kill']
14,-çi(la)yé,['detthese']
15,-çila,['detthis']
0,d(e),"['from', ' of']"
1,dærñær,['last']
2,dæryær,['behind']
3,dakòr,['agreed']
4,dan,['in']
5,"dansé, dans",['dance']
6,dé,['two']
7,dê,['some']
8,débout,"['standing', ' awake']"
9,défi,['challenge']
10,défwa,['sometimes']
11,dégouté,"['disgusted', ' depressed']"
12,"déjœné, déjœn","['breakfast', ' eat breakfast']"
13,dékourajé,"['discouraged', ' discourage']"
14,"déménajé, déménaj",['move house']
15,demi,['half (used in telling time)']
16,démin,['démoushmoush']
17,den,['tooth']
18,dépi,['dépwarpwar']
19,désann,"['go down', ' get off']"
0,désemb,['déshoushou']
1,dési,"['on top', ' over']"
2,dèt,"['be (imperative)', ' be (infinitive)']"
3,"détèsté, détès",['déværvær']
4,dévan,['in front of']
5,déyòr,['dézozo']
6,dézolé,['sorry']
7,dézòrd,['dézwitzwit']
8,dèzyèm,['second']
9,di,"['say', ' tell']"
10,dibœr,['butter']
11,dibonm,['mint']
12,dibwa,"['wood', ' woods']"
13,difé,['fire']
14,diféren,['different']
15,diférens,['difference']
16,difwin,['hay']
17,digri,['grits']
0,diji,['juice']
1,dilé,['milk']
2,dimansh,['Sunday']
3,Dimansh Ramo,['nphrPalm Sunday']
4,dimyèl,['honey']
5,"diné, dinn","['lunch', ' eat lunch']"
6,dipin,['bread']
7,"diré, dir",['last (for a while)']
8,diri,['rice']
9,dis,['ten']
10,dis-sèt,['seventeen']
11,disan,['blood']
12,disik,['sugar']
13,dité,['tea']
14,diven,['wind']
15,divin,['wine']
16,diz-nèf,['nineteen']
17,diz-wit,['eighteen']
18,djaz,['jazz']
19,djèp,['wasp']
20,djòb,['job']
21,(la)djœl,['mouth (informal)']
22,djòg,['jug']
23,do,['interjthough (discourse particle)']
24,dolo,['water']
0,dolo ho,['nphrflood']
1,domaj,"['shame', ' damage']"
2,donn,['give']
3,"dòrmi, dòr",['sleep']
4,dòt,['other']
5,dou,['sweet']
6,dousmen,"['slow', ' slowly']"
7,douz,['twelve']
8,drèt-la,"['right here', ' right then']"
9,dri,"['thick (with)', ' heavy']"
10,dròl,"['funny', ' weird']"
11,drwa,['right']
12,dur,"['hard', ' difficult']"
13,dursi,['harden']
14,dwa,"['have to', ' must']"
15,dwa,['finger']
0,désemb,['déshoushou']
1,dési,"['on top', ' over']"
2,dèt,"['be (imperative)', ' be (infinitive)']"
3,"détèsté, détès",['déværvær']
4,dévan,['in front of']
5,déyòr,['dézozo']
6,dézolé,['sorry']
7,dézòrd,['dézwitzwit']
8,dèzyèm,['second']
9,di,"['say', ' tell']"
10,dibœr,['butter']
11,dibonm,['mint']
12,dibwa,"['wood', ' woods']"
13,difé,['fire']
14,diféren,['different']
15,diférens,['difference']
16,difwin,['hay']
17,digri,['grits']
0,é,['and']
1,"èdé, èd",['help']
2,ègzamp,['example']
3,ékan,['when']
4,ékri,['write']
5,èksplozé,['explode']
6,èl,"['proshe', ' her (object and subject pronoun)']"
7,"èlvé, (è)lèv","['raise', ' grow']"
8,embarasé,"['bother', ' embarrass']"
9,"embrasé, embras","['hug', ' kiss']"
10,en,"['on', ' in']"
11,enba,"['below', ' under']"
12,endan,['inside']
13,endéyòr,"['outside', ' outside of']"
14,èndjòy,['enjoy']
15,enfamiy,['pregnant']
16,enho,"['on', ' above']"
17,enkòr,['yet']
18,enlær,"['up', ' on', ' above']"
19,"enmærdé, enmærd",['annoy']
20,ènn-a-lòt,['each other']
21,ennaryær,"['in back', ' behind']"
22,ennavan,['in front of']
23,ennwiyé,"['bored', ' lonesome']"
24,ensenm,['together']
0,Envil,['New Orleans']
1,épi,['and']
2,épis,['spice']
3,éroplènn,['airplane']
4,èske,['do you...?']
5,"èskizé, èskiz",['excuse']
6,èspær (pou),['wait (for)']
7,"étærné, étærn",['sneeze']
8,étidyan,['student']
9,"étidyé, étidi",['study']
10,étòné,['surprised']
11,"étoufé, étouf","['stew', ' smother']"
12,éyou,['where']
0,Envil,['New Orleans']
1,épi,['and']
2,épis,['spice']
3,éroplènn,['airplane']
4,èske,['do you...?']
5,"èskizé, èskiz",['excuse']
6,èspær (pou),['wait (for)']
7,"étærné, étærn",['sneeze']
8,étidyan,['student']
9,"étidyé, étidi",['study']
10,étòné,['surprised']
11,"étoufé, étouf","['stew', ' smother']"
12,éyou,['where']
0,fær-a-shwal,['horseshoe']
1,"færmé, færm","['close', ' shut']"
2,famiy,['family']
3,faroush,"['wild', ' untamed']"
4,fé,"['do', ' make']"
5,fé (sô) dévwa,"[""do one's homework""]"
6,fé (sô) lapriyè,"[""say (one's) prayers"", ' pray']"
7,fé (sô) ménaj,"[""do one's chores""]"
8,fé atensyon,['be careful']
9,fé fars,['joke']
10,fé grosri,['go grocery shopping']
11,fé kado,['give as a gift']
12,fé kòmærs,"['cause trouble', ' make a mess']"
13,fé lakònésans (avèk),['meet (someone for the first time)']
14,fé lakour,"['court', ' date']"
15,fé lougarou,['stay out late gallivanting']
16,fé mal,['hurt']
17,fé rékòlt,['farm']
18,fé særmen,['swear']
19,fé siñ lakrwa,['cross yourself']
20,fé sô nidé,"[""make up one's mind""]"
21,fé sosyété,['throw a party']
22,fé trin,['complain']
23,fé zan,['turn (an age)']
24,fé zyé dou (apré),['make eyes (at)']
0,fèb,['weak']
1,fenm,"['woman', ' wife']"
2,(la)fèt,"['birthday', ' party', ' holiday']"
3,févi,['okra']
4,fèvriyé,['February']
5,féy,['leaf']
6,fid,['animal feed']
7,(la)figur,['face']
8,fil,"['wire', ' string']"
9,fil-a-kroshé,['barbed wire']
10,filé,['filé']
11,fim,['hungry']
12,"fimé, fimm",['smoke tobacco']
13,fimyé,['manure']
14,fin,['end']
15,fin-lasmèn,['weekend']
16,(la)finèt,['window']
17,fini,"['finish', ' complete']"
18,fiy,"['girl', ' daughter']"
19,fiyèl,['goddaughter']
20,fiyo,['godson']
21,flèri,['bloom']
22,flœr,['flower']
23,fo,['false']
24,fò,['pho (Vietnamese soup)']
0,fon,"['deep', ' depths']"
1,fonn,['fun']
2,fonn,['phone']
3,"fònné, fònn",['wilt']
4,fonsé,['dark (of color)']
5,fòr,"['strong', ' loud']"
6,foré,['forest']
7,(la)fot,['fault']
8,fou,['crazy']
9,fou,['oven']
10,fou pa mal,"['not care', "" not give a flyin' fiddlestick""]"
11,foursh,['pitchfork']
12,fourshèt,['fork (for eating)']
13,foutimen,['extremely']
14,frær,['brother']
15,Françé; françé,['French']
16,frédi,['get cold']
17,frèsh,"['fresh', ' cool']"
18,(la)frèsh,"['breeze', ' shade', ' relief']"
19,frèt,['cold']
20,fri,['fry']
21,"frikasé, frikas","['fricassee', ' stew', ' stew']"
22,fromaj,['cheese']
23,frwi,['fruit']
24,fwa,['time']
0,fyær,['proud']
1,fyansé,['engaged']
0,fèb,['weak']
1,fenm,"['woman', ' wife']"
2,(la)fèt,"['birthday', ' party', ' holiday']"
3,févi,['okra']
4,fèvriyé,['February']
5,féy,['leaf']
6,fid,['animal feed']
7,(la)figur,['face']
8,fil,"['wire', ' string']"
9,fil-a-kroshé,['barbed wire']
10,filé,['filé']
11,fim,['hungry']
12,"fimé, fimm",['smoke tobacco']
13,fimyé,['manure']
14,fin,['end']
15,fin-lasmèn,['weekend']
16,(la)finèt,['window']
17,fini,"['finish', ' complete']"
18,fiy,"['girl', ' daughter']"
19,fiyèl,['goddaughter']
20,fiyo,['godson']
21,flèri,['bloom']
22,flœr,['flower']
23,fo,['false']
24,fò,['pho (Vietnamese soup)']
0,galimacha,"['jumble', ' mess']"
1,galopé laboush,"['chatter', "" run one's mouth""]"
2,"galopé, galòp","['run', ' manage']"
3,(la)galri,['porch']
4,"ganñé, ganñ","['win', ' earn']"
5,gar-manjé,['pantry']
6,garaj,['garage']
7,garçon,"['boy', ' son']"
8,"gardé, gar","['look at', ' seem like', ' watch']"
9,"garoshé, garòsh",['throw']
10,gato,['cake (general)']
11,gayar,['healthy']
12,gazolinn,['gasoline']
13,gém,['game']
14,géri,"['heal', ' cure']"
15,gérison,['cure']
16,"gèté, gèt","['watch', ' look at']"
17,gin,['have']
18,gin drwa,['allowed to']
19,gin lashans,['lucky']
20,gin lè,"['seem', ' appear']"
21,gin pœr,['afraid']
22,gin pou,['have to']
23,gin rézon,['right']
24,gin toupé,['have nerve']
0,gita,['guitar']
1,(la)glas,"['ice', ' ice cream', ' frost']"
2,glasyær,['refrigerator']
3,(la)gli,['slime']
4,gogo,['butt']
5,Gòlf,['Gulf of Mexico']
6,gombo,['gumbo']
7,gonn,"['leave', ' gone']"
8,gosh,"['left (as opposed to right)', ' awkward', ' clumsy']"
9,gout,['drop']
10,"gouté, gou",['taste']
11,gran,"['big', ' tall']"
12,gran-mær/gran-moman,['grandmother/grandma']
13,gran-moun,['grow-up']
14,gran-ouvær,['adjphrwide open']
15,gran-pær/gran-popa,['grandfather/grandpa']
16,gran-paren,['grandparents']
17,gran-ti-zenfan,['great-grandchild']
18,grandi,"['grow up', ' grow']"
19,"graté, grat",['scratch']
20,grènn,['seed']
21,gril,['grill']
22,"griyé, griy","['grill', ' roast']"
23,gro,"['big', ' fat']"
24,gro tem/mové tem,"['bad weather', ' storm']"
0,grosi,"['grow', ' grow up', ' get fat']"
1,(la)grosri,['grocery store']
2,"grouyé, grouy","['move', ' shake']"
0,gita,['guitar']
1,(la)glas,"['ice', ' ice cream', ' frost']"
2,glasyær,['refrigerator']
3,(la)gli,['slime']
4,gogo,['butt']
5,Gòlf,['Gulf of Mexico']
6,gombo,['gumbo']
7,gonn,"['leave', ' gone']"
8,gosh,"['left (as opposed to right)', ' awkward', ' clumsy']"
9,gout,['drop']
10,"gouté, gou",['taste']
11,gran,"['big', ' tall']"
12,gran-mær/gran-moman,['grandmother/grandma']
13,gran-moun,['grow-up']
14,gran-ouvær,['adjphrwide open']
15,gran-pær/gran-popa,['grandfather/grandpa']
16,gran-paren,['grandparents']
17,gran-ti-zenfan,['great-grandchild']
18,grandi,"['grow up', ' grow']"
19,"graté, grat",['scratch']
20,grènn,['seed']
21,gril,['grill']
22,"griyé, griy","['grill', ' roast']"
23,gro,"['big', ' fat']"
24,gro tem/mové tem,"['bad weather', ' storm']"
0,(la)hansh,['hip']
1,(la)hash,['axe']
2,hé!,['interjhey!']
3,"hélé, hèl","['yell', ' shout']"
4,hòl,['dancehall']
5,hont,['shame']
0,ibou,['owl']
1,ifo,['phrneed to (do something)']
2,imid,['humid']
3,impòrtan,['important']
4,impòsib,['impossible']
5,in,"['one', ' a(n)']"
6,in lòt/in nòt,['another']
7,in pe,['a little']
8,in ta,['nphra lot']
9,ina,['there is/are']
10,inavé,['there was/were']
11,inik,['unique']
12,Insiswatil,['phrAmen']
13,intérèsé,"['interesting', ' interested']"
14,isit,['here']
15,italyin,['Italian']
16,itil,['useful']
17,itou,"['also', ' too']"
18,izé,['easy']
19,"izé, iz",['use']
0,jakèt,['jacket']
1,jamb,['leg']
2,jambalaya,['jambalaya']
3,jamé,"['never', ' ever']"
4,janvyé,['January']
5,"japé, jap",['bark']
6,jardin,['garden']
7,jardinaj,['vegetables']
8,jédi,['Thursday']
9,"jélé, jèl",['freeze']
10,"jété, jèt","['throw', ' get rid of']"
11,jilyèt,['July']
12,jish,['just']
13,jiska,['until']
14,(la)jistis,['justice']
15,jnou,['knee']
16,jœn,['young']
17,joli,"['pretty', ' beautiful']"
18,jolimen,"['pretty much', ' essentially', ' basically']"
19,"jonglé, jong (pou/enho/apré)",['think about']
20,jonn,['yellow']
21,jòrdi,['today']
22,"joué, jou",['play']
23,jour,['day']
24,(la)journé,"['day', ' daytime']"
0,jozé,['blouse']
1,(la)jwa,['joy']
2,jwènn,['meet']
3,jwif,['Jewish']
4,jwin,['June']
0,jozé,['blouse']
1,(la)jwa,['joy']
2,jwènn,['meet']
3,jwif,['Jewish']
4,jwin,['June']
0,kabinèt,['closet']
1,kadjin,['Cajun']
2,Kadjin,['Cajun person']
3,kado,['gift']
4,kafé,['coffee']
5,kagou,['out of sorts']
6,kaka,['poop']
7,kalçon,['underwear']
8,kalin,"['boyfriend', ' lover (male)', ' lazy']"
9,kalinn,"['girlfriend', ' lover (female)']"
10,kalité,"['kind', ' type', ' sort']"
11,kammòmèl,['chamomile']
12,(la)kamponñ,"['country', ' countryside']"
13,kan,['when']
14,kanar,['duck']
15,kanay,"['cunning', ' mischievious', ' sly']"
16,kanminm,['although']
17,(dé)kann,['sugarcane']
18,kapab,"['able', ' can']"
19,kapitènn,['captain']
20,kapo,['coat']
21,karankro,"['buzzard', ' vulture', ' Carencro']"
22,karant,['forty']
23,karant-é-ènn,['fourty-one']
24,Karèm,['Lent']
0,Karnaval,['Mardi Gras']
1,karòt,['carrot']
2,kart,['card']
3,"kasé, kas","['break', ' crack', ' shuck', ' shell']"
4,kashé,"['hide', ' hidden']"
5,kat,['four']
6,Katolik,['Catholic']
7,katòrz,['fourteen']
8,katré-vin,['eighty']
9,katré-vin-dis,['ninety']
10,(la)kav,"['basement', ' pantry']"
11,kawènn,['snapping turtle']
12,kayé,['cottage cheese']
13,ke,"['than', ' that']"
14,(la)ké,['tail']
15,kék,['cake']
16,kèk,['some']
17,kèk plas,['somewhere']
18,kèk zafær,['something']
19,kèkènn,['prosomeone']
20,kèkènn dòt,['prosomeone else']
21,kèl,"['which', ' what']"
22,kèl...?,['what...?']
23,kèstyon,['question']
24,ki,"['who', ' what', ' that (in relative clauses)']"
0,ki ça...?,['what...?']
1,ki çé...?,['what...?']
2,ki moun,['conjphrwho']
3,ki...?,['what...?']
4,kiki,['onomhaha']
5,kilot,['pants']
6,kilot kout,['nphrshorts']
7,kinz,['fifteen']
8,kiréy,['squirrel']
9,kiriyé,"['curious', ' nosy']"
10,kishòj,"['thing', ' something']"
11,"kité, kit","['leave', ' let']"
12,kiyær,['spoon']
13,(la)kizinn,['kitchen']
14,klær,"['clear', ' light (said of skin)', ' clearly']"
15,klærmen,['clearly']
16,(la)klé,['key']
17,klo,['field']
18,klo lwil,['oilfield']
19,klœb,"['club', ' nightclub']"
20,klou,['nail']
21,klouk,['male genitalia']
22,"klouyé, klou",['nail']
23,kœr,['heart']
24,kòfær,['why']
0,kokiy,['shell']
1,kokodri,['alligator']
2,kolær,"['anger', ' angry']"
3,kòmærs,['gossip']
4,kombyin,['how many']
5,komen,['how']
6,"komensé, komens","['start', ' begin']"
7,komod,['toilet']
8,(la)kompoñi,['company (people)']
9,komprenn,['understand']
10,koné,"['know', ' can', ' able']"
11,koné,['do regularly']
12,"koñé, koñ","['hit', ' strike', ' bump']"
13,(la)kònésans,['act of meeting someone']
14,konm,['like']
15,konm-çi-kom-ça,['adjphrso-so']
16,konsèy,['advice']
17,konten,['happy']
18,kontiné,['continue']
19,konværsasyon,['conversation']
20,kòp,['cup']
21,kòrèk,"['correct', ' fine']"
22,korish,['rooster']
23,kòrn,['horn']
24,koshon,['pig']
0,koté,"['at', ' near']"
1,koton,['cotton']
2,kòton-mayi,['corncob']
3,kou,['neck']
4,koulœr,['color']
5,koundjay,['type of dance']
6,"koupé, koup",['cut']
7,(la)kour,['yard']
8,kouri,['go']
9,"koushé, koush","['go to bed', ' lie down']"
10,koushkoush,['cornbread with sugar and milk']
11,koushmar,['nightmare']
12,kout,['short']
13,"kouté, kout","['listen', ' cost']"
14,kouto,['knife']
15,kouvær,"['cloudy', ' covered']"
16,kouzin,['cousin (male or female)']
17,kouzinn,['cousin (female)']
18,"kozé, kòz",['chat']
19,krab,['crab']
20,krapo,['toad']
21,"krashé, krash",['spit']
22,krébis,['crawfish']
23,"krèvé, krèv",['die']
24,kréyòl,['Creole']
0,Kréyòl,['Creole person']
1,Krismis,['Christmas']
2,krò,"['believe', ' think']"
3,kròt,['poop']
4,kwa,['what']
5,kwi,['cook']
0,Karnaval,['Mardi Gras']
1,karòt,['carrot']
2,kart,['card']
3,"kasé, kas","['break', ' crack', ' shuck', ' shell']"
4,kashé,"['hide', ' hidden']"
5,kat,['four']
6,Katolik,['Catholic']
7,katòrz,['fourteen']
8,katré-vin,['eighty']
9,katré-vin-dis,['ninety']
10,(la)kav,"['basement', ' pantry']"
11,kawènn,['snapping turtle']
12,kayé,['cottage cheese']
13,ke,"['than', ' that']"
14,(la)ké,['tail']
15,kék,['cake']
16,kèk,['some']
17,kèk plas,['somewhere']
18,kèk zafær,['something']
19,kèkènn,['prosomeone']
20,kèkènn dòt,['prosomeone else']
21,kèl,"['which', ' what']"
22,kèl...?,['what...?']
23,kèstyon,['question']
24,ki,"['who', ' what', ' that (in relative clauses)']"
0,la,"['there', ' here', ' then']"
1,-la,['detthe']
2,"la, le, lê",['detthe']
3,laba,['lahanshhansh']
-1,,['lahashhash']
0,,['lajaj']
1,,['lajistisjistis']
2,,['lajournéjourné']
3,,['lajwajwa']
4,,['lakamponñkamponñ']
5,,['lakannkann']
6,,['lakavkav']
7,,['lakéké']
8,,['lakizinnkizinn']
9,,['lakléklé']
10,,['lakompoñikompoñi']
11,,['lakònésanskònésans']
12,,['lakourkour']
13,,['lalamplamp']
14,,['lalannglanng']
15,,['lalimyærlimyær']
16,,['lalinnlinn']
17,,['lalotrilotri']
18,,['LalwizyannLwizyann']
19,,['lamærmær']
20,,['lamèsmès']
21,,['lamézonmézon']
22,,['laminmin']
23,,['lamiraymiray']
-1,,['lamizærmizær']
0,,['lamizikmizik']
1,,['lamòchémòché']
2,,['lamòrmòr']
3,,['lamouramour']
4,,['lamourèamourè']
5,,['lamoutardmoutard']
7,(la)lamp,['lamp']
8,lañap,['lanèjnèj']
9,(la)lanng,['lapaypay']
10,lapé,['larimmrimm']
-1,,['larivyærrivyær']
1,larjen,['larozérozé']
2,las,['lashansshans']
3,lashas,['latizanntizann']
4,"lavé, lav",['lavilvil']
5,Lavilvil,['New Orleans']
6,Lavonn,['lavyannvyann']
0,lay,['garlic']
1,léçon,"['lesson', ' moral']"
2,lèd,['ugly']
3,légliz,['church']
4,léjé,"['light', ' thin']"
5,lékòl,['school']
6,léritaj,['heritage']
7,lès,"['east', ' eastern']"
8,"lésé, lès","['leave', ' let']"
9,lèskalyé,"['stairs', ' staircase']"
10,Lèspañol,"['Spanish (language)', ' Spaniard']"
11,lèspri,"['spirit', ' intelligence']"
12,lèstoma,"['belly', ' stomach']"
13,léta,['state']
14,Létazini,['USA']
15,lété,['summer']
16,létwal,['star']
17,"lévé, lèv","['get up', ' raise']"
18,lézar,['lézòtzòt']
19,li,"['prohe', ' she', ' it']"
20,liméro/niméro,['number']
21,limon,['lemon']
22,(la)limyær,['light']
23,lindi,['Monday']
0,linèt,['glasses']
1,linj,['clothes']
2,"linmé, linm","['love', ' like']"
3,(la)linn,['moon']
4,linstrumen,['musical instrument']
5,lir,['read']
6,lis,['list']
7,listwar,['story']
8,lit,['bed']
9,liv,"['book', ' pound (unit of measurement)']"
10,livær,['winter']
11,lœr,"['hour', "" o'clock""]"
12,lofis,['lombrajombraj']
13,lonch,['lunch']
14,lontem,['long time']
15,lontem pasé,['advphrlong time ago']
16,lopital,['hospital']
17,lòragan,"['hurricane', ' storm']"
18,lòt,['other']
19,lotòn,"['autumn', ' fall']"
20,(la)lotri,['lottery']
21,"loué, lou",['rent']
22,lougarou,['werewolf']
23,lour,['heavy']
0,louvraj,['work']
1,lwil,['oil']
2,lwin,['far']
3,(La)Lwizyann,['Louisiana']
-1,,['lahashhash']
0,,['lajaj']
1,,['lajistisjistis']
2,,['lajournéjourné']
3,,['lajwajwa']
4,,['lakamponñkamponñ']
5,,['lakannkann']
6,,['lakavkav']
7,,['lakéké']
8,,['lakizinnkizinn']
9,,['lakléklé']
10,,['lakompoñikompoñi']
11,,['lakònésanskònésans']
12,,['lakourkour']
13,,['lalamplamp']
14,,['lalannglanng']
15,,['lalimyærlimyær']
16,,['lalinnlinn']
17,,['lalotrilotri']
18,,['LalwizyannLwizyann']
19,,['lamærmær']
20,,['lamèsmès']
21,,['lamézonmézon']
22,,['laminmin']
23,,['lamiraymiray']
0,madamm,"['Mrs.', "" ma'am"", ' lady', ' wife']"
1,mær,['mother']
2,(la)mær,['ocean']
3,mærkrédi,['Wednesday']
4,Mærkrédi-dê-Senn,['nphrAsh Wednesday']
5,mærsi,['interjthanks']
6,mal,['evil']
7,mal-lagòrj/mal-de-gòrj,['nphrsore throat']
8,mal-latèt/mal-de-tèt,['nphrheadache']
9,mal-o-den,['toothache']
10,mal-o-do,['backache']
11,mal-o-kœr,['heartburn']
12,mal-o-vent,['stomach ache']
13,mal-zòrèy,['earache']
14,malad,['sick']
15,maléré,"['poor', ' unfortunate', ' sad']"
16,malèrèzmen,['unfortunately']
17,malgré,['although']
18,malin,"['clever', ' sly']"
19,"mandé, mand",['ask']
20,manjé,['food']
21,"manjé, manj",['eat']
22,"manké, mank","['miss', ' almost do something']"
23,mardi,['Tuesday']
24,marènn,['godmother']
0,mari,['husband']
1,maringwin,['mosquito']
2,"mariyé, mari",['marry']
3,maron,['brown']
4,mars,['March']
5,"marshé, marsh",['walk']
6,maryaj,['marriage']
7,mashinn,"['machine', ' motor']"
8,mayi,['corn']
9,mé,['May']
10,mé,['but']
11,médsinn,['medicine']
12,"mèlé, mèl",['mix']
13,méli-mélanj,['mix']
14,"ménajé, ménaj","['use sparingly', ' economize']"
15,"ménné, mènn","['bring', ' haul']"
16,ménné/fé lembara,['cause trouble']
17,"menti, men",['lie']
18,Mérikin,"['American', ' English language']"
19,(la)mès,"['church', ' mass']"
20,mèsi,['interjthanks']
21,mèt,"['put', ' put on']"
22,mèt-(d)-lékol/mèt,['nphrteacher (male)']
23,métrès,['nphrteacher (female)']
24,méyœr,"['better', ' best']"
0,(la)mézon,['house']
1,midi,['noon']
2,mil,"['thousand', ' mile']"
3,milé,['mule']
4,(la)min,['hand']
5,minm,"['same', ' even']"
6,-minm,"['proreflexive pronoun', ' -self']"
7,minn,['mean']
8,mir,['ripe']
9,(dé)mir,['berry']
10,(la)miray,['wall']
11,miryaj,['cloud']
12,misyé,"['Mr.', ' sir', ' gentleman']"
13,(la)mizær,"['misery', ' trouble']"
14,(la)mizik,['music']
15,mizisyin,['musician']
16,(dé)mlon,['melon']
17,mo,['proI (subject)']
18,mò,['prome (object)']
19,mô,['detmy']
20,(la)mòché,['half of']
21,mòché-frær,['half-brother']
22,mòché-sœr,['half-sister']
23,moman,['mom']
24,montañ,['mountain']
0,"monté, mont",['ride']
1,"montré, mont","['teach', ' show']"
2,(la)mòr,['death']
3,mòr,['dead']
4,mòrd,"['bite', ' sting']"
5,mòrso,['little piece']
6,moun,['person']
7,mouri,['die']
8,(dé)moush,['fly']
9,moush-a-myèl,['honeybee']
10,moustash,['mustache']
11,(la)moutard,['mustard']
12,mouton,['sheep']
13,"mouyé, mouy","['wet', ' rain']"
14,mové,['bad']
15,mòyær,"['way (of doing)', ' kinda']"
16,mwins,['less']
17,myé,['better']
0,mari,['husband']
1,maringwin,['mosquito']
2,"mariyé, mari",['marry']
3,maron,['brown']
4,mars,['March']
5,"marshé, marsh",['walk']
6,maryaj,['marriage']
7,mashinn,"['machine', ' motor']"
8,mayi,['corn']
9,mé,['May']
10,mé,['but']
11,médsinn,['medicine']
12,"mèlé, mèl",['mix']
13,méli-mélanj,['mix']
14,"ménajé, ménaj","['use sparingly', ' economize']"
15,"ménné, mènn","['bring', ' haul']"
16,ménné/fé lembara,['cause trouble']
17,"menti, men",['lie']
18,Mérikin,"['American', ' English language']"
19,(la)mès,"['church', ' mass']"
20,mèsi,['interjthanks']
21,mèt,"['put', ' put on']"
22,mèt-(d)-lékol/mèt,['nphrteacher (male)']
23,métrès,['nphrteacher (female)']
24,méyœr,"['better', ' best']"
0,"najé, naj",['swim']
1,namm,['soul']
2,nanglé,['English language']
3,napa,['bait']
4,narb,['tree']
5,natirèl,['natural']
6,né,['born']
7,"nèf, nœf",['nine']
8,(la)nèj,['snow']
9,"néjé, nèj",['snow']
10,népi-mayi,['nphrear of corn']
11,"nètwayé, nètwa",['clean']
12,névé,['nephew']
13,nidé,"['idea', ' mind', ' thought']"
14,nik,['nest']
15,nimpòrt (ki),"['any', ' whatever', ' whichever']"
16,nimpòrt éyou,['nphranywhere']
17,nimpòrt ki moun,['nphranybody']
18,nimpòrt ki plas,['nphranywhere']
19,nimpòrt ki zafær,['nphranything']
20,nimpòrt kishòj,['nphranything']
21,nivo,['level']
22,nô,['detour']
23,"no, nouzòt",['prowe (subject)']
24,nom,['name']
0,nom-d-famiy,['surname']
1,nom-d-maryaj,['married name']
2,non,['interjno']
3,non pli,"['anymore', ' either']"
4,nonk,['uncle']
5,nonm,['man']
6,nòr,['north']
7,nora,['there will be']
8,nòtis,['sign']
9,"nou, nouzòt",['prous (object)']
10,Nouvèl-Òrléan,['New Orleans']
11,nouvo,['new']
12,novemb,['November']
13,nwa,['nut']
14,nwaj,['cloud']
15,nwar,['black']
16,"nwayé, nway",['drown']
17,Nwèl,['Christmas']
18,(la)nwit,['night']
19,nyès,['niece']
0,nom-d-famiy,['surname']
1,nom-d-maryaj,['married name']
2,non,['interjno']
3,non pli,"['anymore', ' either']"
4,nonk,['uncle']
5,nonm,['man']
6,nòr,['north']
7,nora,['there will be']
8,nòtis,['sign']
9,"nou, nouzòt",['prous (object)']
10,Nouvèl-Òrléan,['New Orleans']
11,nouvo,['new']
12,novemb,['November']
13,nwa,['nut']
14,nwaj,['cloud']
15,nwar,['black']
16,"nwayé, nway",['drown']
17,Nwèl,['Christmas']
18,(la)nwit,['night']
19,nyès,['niece']
0,obòr isit,['around here']
1,ofon,['the bottom']
2,okipé,['busy']
3,oktòb,['October']
4,olé,['want']
5,(l)ombraj,['shade']
6,omwin,['at least']
7,onz,['eleven']
8,opré,['nearby']
9,ora,"['near', ' around']"
10,orévwar,['interjgoodbye']
11,osi…ke,['adjphras…as']
12,osike,['advphras soon as']
13,osit,"['also', ' too']"
14,"oté, ot","['take off', ' remove']"
15,ou,['or']
16,ouvraj,['work']
17,"ouvri, ouvær",['open']
18,Ozilinwa,['Illinois']
0,pa,"['negative marker', ' not']"
1,pa ditou,['not at all']
2,pa enkòr,['not yet']
3,pa gran-shòj,['not much']
4,pa nil-plas,['nowhere']
5,pa-d-kwa,"[""phryou're welcome""]"
6,padna,['friend']
7,pær,['father']
8,pærd,['lose']
9,pærdi,['lost']
10,(pa) pærsonn,['no one']
11,Pak,['Easter']
12,pakònn,['pecan']
13,pantalon,['pants']
14,par ègzamp,['expfor example']
15,paradi,['heaven']
16,"pardonné, pardonn",['forgive']
17,paré,['ready']
18,paren,"['parent', ' relative']"
19,parésé,['lazy']
20,paréy,"['same', ' similar']"
21,parin,['godfather']
22,"parlé, parl",['speak']
23,paròl,['word']
24,parske,['because']
0,"partajé, partaj",['share']
1,"parti, par",['leave']
2,pasé,['ago']
3,"pasé, pas","['pass', ' pass away']"
4,(la)pat,"['paw', ' leg or foot (of animal)']"
5,patasa,['sunfish']
6,patat,"['potato', ' sweet potato']"
7,patat dous,['sweet potato']
8,"patouyé, patouy",['splash around']
9,pay,['pie']
10,(la)pay,"['straw', ' husk']"
11,pe,"['able to', ' can']"
12,pé,"['shut up', ' quiet']"
13,"pèlé, pèl","['call', ' be named (reflexive)']"
14,pélikan,['pelican']
15,pendan,"['during', ' while']"
16,penn,['hang']
17,"pensé, pens",['think']
18,"pèshé, pèsh","['prevent', ' fish', ' sin']"
19,péshœr,"['fisher', ' sinner']"
20,petèt,['maybe']
21,"péyé, péy",['pay']
22,péyi,"['country', ' nation']"
23,pi,['then']
24,pikan,"['sticker', ' thorn']"
0,pimen,['pepper (vegetable)']
1,pimenté,"['spice', ' spicy', ' spiced']"
2,pipi,['pee']
3,piti,['child']
4,piti,"['small', ' little']"
5,pla,"['plate', ' dish (of food)']"
6,plakminn,['persimmon']
7,planshé,['floor']
8,plant,['plant']
9,"planté, plant",['plant']
10,plas,"['place', ' space']"
11,play,['beach']
12,plènn,['plain']
13,pléri,['prairie']
14,plézir,['pleasure']
15,(la)pli,['rain']
16,pli…ke,['adjphrmore…than']
17,pli(s),['more']
18,plin,"['full', ' a lot']"
19,plizyær,['many']
20,(la)plòt,['ball']
21,(la)po,['skin']
22,pœr,"['fear', ' afraid']"
23,pokapok,['so-so']
24,polis,['police']
0,popa,['dad']
1,pòrt,['door']
2,"pòrté, pòrt","['bring', ' wear']"
3,pòrtré,"['picture', ' photo', ' movie']"
4,pou,"['for', ' about', ' to']"
5,pou sûr,"['advphrfor sure', ' definitely']"
6,(la)poud,"['powder', ' dust', ' gunpowder']"
7,poul,"['chicken', ' hen']"
8,poulayé,['henhouse']
9,"pousé, pous","['push', ' grow']"
10,(la)pousyær,['dust']
11,"(ré)pozé, poz","['rest', ' relax (sometimes reflexive)']"
12,pré,"['near', ' close']"
13,prèmyé,['first']
14,prenn,['take']
15,prèsk,['almost']
16,printem,['spring']
17,"priyé, priy",['pray']
18,prizon,['prison']
19,promèt,['promise']
20,pròsh,"['near', ' nearly', ' almost']"
21,proshin,['next']
22,"protéjé, protèj",['protect']
23,pur,['pure']
24,(dé)pwa,['green peas']
0,(la)pwal,['frying pan']
1,(dé)pwar,['pear']
2,pwason,['fish']
3,pwason-armé,['gar (fish)']
4,pyas,['dollar']
5,pyé,['foot']
6,"pyoshé, pyòsh","['hoe', ' dig']"
0,"partajé, partaj",['share']
1,"parti, par",['leave']
2,pasé,['ago']
3,"pasé, pas","['pass', ' pass away']"
4,(la)pat,"['paw', ' leg or foot (of animal)']"
5,patasa,['sunfish']
6,patat,"['potato', ' sweet potato']"
7,patat dous,['sweet potato']
8,"patouyé, patouy",['splash around']
9,pay,['pie']
10,(la)pay,"['straw', ' husk']"
11,pe,"['able to', ' can']"
12,pé,"['shut up', ' quiet']"
13,"pèlé, pèl","['call', ' be named (reflexive)']"
14,pélikan,['pelican']
15,pendan,"['during', ' while']"
16,penn,['hang']
17,"pensé, pens",['think']
18,"pèshé, pèsh","['prevent', ' fish', ' sin']"
19,péshœr,"['fisher', ' sinner']"
20,petèt,['maybe']
21,"péyé, péy",['pay']
22,péyi,"['country', ' nation']"
23,pi,['then']
24,pikan,"['sticker', ' thorn']"
0,ra,['rat']
1,ra-d-bwa,['possum']
2,"ramasé, ramas","['gather', ' pick up', ' collect']"
3,"ranjé, ranj","['fix', ' repair', ' arrange', ' prepare']"
4,"raplé, rapèl",['remember']
5,rar,['rare']
6,(la)ras,['race']
7,ravé,['cockroach']
8,rékòlt,"['harvest', ' crop']"
9,rémèd,"['remedy', ' medicine']"
10,"rentré, rent","['enter', ' return', ' come home']"
11,réponn,"['answer', ' respond']"
12,répons,"['répozé, répozpozé, poz']"
13,"rèshté, rèshèt","['vomit', ' throw up']"
14,rèspé,['respect']
15,"rèspèkté, rèspèk",['respect']
16,"rèsté, rès","['stay', ' remain', ' habitate', ' live', ' dwell']"
17,rèv,['dream']
18,"rèvé, rèv",['dream']
19,(la)rimm,"['cold (sickness)', ' flu']"
20,(la)rivyær,['river']
21,ròb,['dress']
22,"rodayé, roday","['travel on the road', ' roam', ' gallivant']"
23,rodayœr,['traveller']
0,roti,"['roast', ' grill']"
1,rouyé,"['rusted', ' rusty']"
2,roz,['pink']
3,(la)rozé,['dew']
0,roti,"['roast', ' grill']"
1,rouyé,"['rusted', ' rusty']"
2,roz,['pink']
3,(la)rozé,['dew']
0,sa,"['future marker', ' will be']"
1,særmen,"['swear', ' promise']"
2,"særvi, sær",['use']
3,"safré, saf","['eat (of animals)', ' eat like an animal (of humans)']"
4,(la)sal,['room']
5,sal,['dirty']
6,sal-a-manjé,['dining room']
7,(la)salad,['salad']
8,salé,"['salt', ' salted']"
9,sali,['get dirty']
10,salon,['living room']
11,Sammdi Sin,['nphrHoly Saturday']
12,san,['without']
13,sanmdi,['Saturday']
14,sasafra,['sassafras']
15,sé,"['conditional marker', ' would be']"
16,sèk,['dry']
17,senm,"['seem', ' appear', ' look like']"
18,"senti, sen","['feel (reflexive)', ' smell']"
19,sèptemb,['September']
20,sèt,['seven']
21,"séyé, séy",['try']
22,sèz,['sixteen']
23,(la)sézon,['season']
24,"sézonné, sézonn","['season', ' seasoned']"
0,shær,"['expensive', ' dear']"
1,shagrin,"['sorry', ' sad']"
2,shak,"['each', ' every']"
3,shandèl,['candle']
4,"shanjé, shanj",['change']
5,shanm,"['room', ' bedroom']"
6,shanm-a-bin,['bathroom']
7,shanm-a-koushé,['bedroom']
8,(la)shans,"['luck', ' chance']"
9,shanson,['song']
10,"shanté, shant",['sing']
11,"shapé, shap","['escape', ' get away']"
12,shapo,['hat']
13,shar,['car']
14,"sharé, shar",['chat']
15,"sharshé, sharsh","['seek', ' look for']"
16,"shasé, shas",['hunt']
17,shawi,['raccoon']
18,shé,['at the home of']
19,shévé,['hair']
20,shevrèt,['shrimp']
21,shèvréy,['deer']
22,"shiké, shik",['chew']
23,shimij,['shirt']
24,"shiyé, shiy",['shit']
0,shmin,"['road', ' path']"
1,sho,['hot']
2,shodyær,"['pot', ' pan']"
3,shoké,"['mad', ' angry']"
4,(dé)shou,['cabbage']
5,shval,['horse']
6,shyin,['dog']
7,si,"['if', ' so']"
8,si tèlmen,"['so (to emphasize an adjective)', ' so much', ' so many']"
9,sid,['south']
10,sidès,['southeast']
11,"siflé, sif",['whistle']
12,siñ,['sign']
13,singgo,['nap']
14,sinkant,['fifty']
15,sinkant-é-ènn,['fifty-one']
16,"sinmé, sinm",['sow']
17,sipozé (pou),['supposed to']
18,"sipozé, sipòz",['suppose']
19,sipré,['Eastern red cedar']
20,sipriyær,"['swamp', ' cypress swamp']"
21,sirkonflèks,['circumflex (accent mark)']
22,siro,"['syrup', ' womanizer']"
23,sis,['six']
24,"sisé, sis",['suck']
0,"sitoplé, sivouplé",['interjplease']
1,smat,['smart']
2,(la)smènn,['week']
3,so,['interjso (discourse particle)']
4,sô,"['dethis', ' her', ' its']"
5,sœl,['alone']
6,sœr,['sister']
7,sofa,"['sofa', ' couch']"
8,sol,['willow tree']
9,soléy,['sun']
10,soléy-koushé,['sunset']
11,soléy-lévé,['sunrise']
12,sòrti salé,['turn out bad']
13,"sòrti, sòr","['be from (somewhere)', ' go out', ' end up']"
14,(la)sòs,['sauce']
15,sosis,['sausage']
16,sòt,['foolish']
17,sou,['cent']
18,"souflé, souf","['blow (of wind)', ' breathe']"
19,soulyé,['shoes']
20,(la)soup,['soup']
21,soupé,['supper']
22,soutærin,['basement']
23,souven,['often']
24,"sové, sov",['save']
0,spañol,['Spanish']
1,Spañol,['Spaniard']
2,"spéré, èspær",['wait']
3,spìnn,['spin records']
4,stìl,['still']
5,sto,['store']
6,stov,['stove']
7,supærb,"['super', ' wonderful']"
8,sur,['on']
9,sûr,"['sure', ' certain']"
10,surtou,['especially']
11,swaf,['thirsty']
12,swaré,"['evening', ' eveningtime']"
13,swasant,['sixty']
14,swasant-dis,['seventy']
15,swasant-é-ènn,['sixty-one']
16,swasant-onz,['seventy-one']
17,"swaté, swat","['hope', ' wish']"
18,swé,['sweat']
19,swiv,['follow']
20,"swonñé, swonñ","['care for', ' nurse']"
21,syèl,"['sky', ' heaven']"
0,shær,"['expensive', ' dear']"
1,shagrin,"['sorry', ' sad']"
2,shak,"['each', ' every']"
3,shandèl,['candle']
4,"shanjé, shanj",['change']
5,shanm,"['room', ' bedroom']"
6,shanm-a-bin,['bathroom']
7,shanm-a-koushé,['bedroom']
8,(la)shans,"['luck', ' chance']"
9,shanson,['song']
10,"shanté, shant",['sing']
11,"shapé, shap","['escape', ' get away']"
12,shapo,['hat']
13,shar,['car']
14,"sharé, shar",['chat']
15,"sharshé, sharsh","['seek', ' look for']"
16,"shasé, shas",['hunt']
17,shawi,['raccoon']
18,shé,['at the home of']
19,shévé,['hair']
20,shevrèt,['shrimp']
21,shèvréy,['deer']
22,"shiké, shik",['chew']
23,shimij,['shirt']
24,"shiyé, shiy",['shit']
0,(la)tab,['table']
1,taba,['tobacco']
2,(la)tær,"['earth', ' ground', ' dirt']"
3,taktak,['popcorn']
4,talœr,['soon']
5,tambou,['drum']
6,tan,"['so many', ' so']"
7,tandi,['while']
8,tanpri,['interjplease']
9,tant,['aunt']
10,tar,['late']
11,tas,['cup']
12,"tayé, tay",['beat']
13,té,"['past marker', ' was']"
14,Tèksas,['Texas']
15,tèl,['such']
16,tèl-é-tèl,['nphrsuch and such']
17,tem,"['weather', ' time']"
18,tem-zen-tem,"['now and then', ' occasionally']"
19,"tendé, tenn",['hear']
20,(la)tèt,['head']
21,ti,"['small', ' little']"
22,ti brin,['nphra little']
23,ti-bétay,"['nphrinsect', ' bug']"
24,ti-fiy,['granddaughter']
0,ti-garçon,['grandson']
1,ti-nom,['nickname']
2,"ti-zenfan, ti-piti",['grandchild']
3,tig,['tiger']
4,tikèt,['ticket']
5,tiyon,"['headscarf', ' tignon']"
6,(la)tizann,['herbal tea']
7,to,['proyou (subject)']
8,tô,['detyour (singular)']
9,tomat,['tomato']
10,"tombé, tomb",['fall']
11,tònær,['thunder']
12,"tòrné, tòrn",['turn']
13,tou,['all']
14,tou alentour,['all around']
15,Tou-Sin,['nphrAll Saints Day']
16,toujou,"['always', ' still']"
17,toukèkunn,"['nphreveryone', ' everybody']"
18,toukishòj,['everything']
19,toulajourné,['all day long']
20,toulédé,['both']
21,touléjour,['every day']
22,toultem,"['forever', ' always']"
23,toumoun,['nphreveryone']
24,tous,['cough']
0,"tousé, tous",['cough']
1,tousœl,['all alone']
2,traka,"['problem', ' trouble']"
3,"trakasé, trakas",['worry']
4,trankil,"['peaceful', ' quiet', ' calm']"
5,"trapé, trap","['get', ' catch', ' trap']"
6,travay,['work']
7,"travayé, travay",['work']
8,"trènné, trènn","['trail', ' drag']"
9,trent,['thirty']
10,trent-é-ènn,['thirty-one']
11,trèz,['thirteen']
12,trézòr,['treasure']
13,trin,"['noise', ' train']"
14,tris,['sad']
15,tro,['too']
16,trò,['three']
17,tro bokou,"['nphrtoo many', ' too much']"
18,tròk,['truck']
19,tròs,['trust']
20,twa,['roof']
21,twa,['proyou (object)']
22,twalèt,['dresser']
0,ti-garçon,['grandson']
1,ti-nom,['nickname']
2,"ti-zenfan, ti-piti",['grandchild']
3,tig,['tiger']
4,tikèt,['ticket']
5,tiyon,"['headscarf', ' tignon']"
6,(la)tizann,['herbal tea']
7,to,['proyou (subject)']
8,tô,['detyour (singular)']
9,tomat,['tomato']
10,"tombé, tomb",['fall']
11,tònær,['thunder']
12,"tòrné, tòrn",['turn']
13,tou,['all']
14,tou alentour,['all around']
15,Tou-Sin,['nphrAll Saints Day']
16,toujou,"['always', ' still']"
17,toukèkunn,"['nphreveryone', ' everybody']"
18,toukishòj,['everything']
19,toulajourné,['all day long']
20,toulédé,['both']
21,touléjour,['every day']
22,toultem,"['forever', ' always']"
23,toumoun,['nphreveryone']
24,tous,['cough']
0,va,"['future marker (see Grammar Sketch)', ' will']"
1,(dé)vær,['worm']
2,vær,"['glass', ' glass (for drinking)']"
3,vær,['green']
4,vash,['cow']
5,vayan,"['great', ' excellent', ' nice']"
6,ve,['want']
7,vendrédi,['Friday']
8,Vendrédi Sin,['nphrGood Friday']
9,venn,['sell']
10,vent,"['stomach', ' belly']"
11,(la)vésèl,['dishes']
12,(la)vi,['life']
13,vid,['empty']
14,vidyo,['video']
15,(la)vil,['city']
16,vilaj,['town']
17,vilin,"['mean', ' nasty', ' ugly']"
18,vin,['twenty']
19,vin-dé,['twenty-two']
20,vinég,['vinegar']
21,"vini, vyin","['come', ' become']"
22,vint-é-ènn,['twenty-one']
23,vit,"['fast', ' quickly']"
24,viv,"['live', ' dwell']"
0,vivan,"['living', ' alive']"
1,"vizité, vizit",['visit (person or place)']
2,vo,['worth']
3,vô,['detyour (polite)']
4,vo myé,"['prefer', ' would be better']"
5,"volé, vòl","['fly', ' steal']"
6,vomi,['vomit']
7,vou,['vouzòtzòt']
8,"voyé, vòy","['send', ' throw']"
9,vré,['true']
10,(la)vwa,['voice']
11,vwala,['interjvoilà']
12,vwayaj,"['voyage', ' trip']"
13,"vwayajé, vwayaj",['travel']
14,vwazin,['neighbor (male or female)']
15,vwazinaj,"['neighborhood', ' vicinity']"
16,vwazinn,['neighbor (female)']
17,(la)vyann,['meat']
18,vyé,['old']
19,vyolèt,"['violet (flower)', ' violet (color)']"
0,vivan,"['living', ' alive']"
1,"vizité, vizit",['visit (person or place)']
2,vo,['worth']
3,vô,['detyour (polite)']
4,vo myé,"['prefer', ' would be better']"
5,"volé, vòl","['fly', ' steal']"
6,vomi,['vomit']
7,vou,['vouzòtzòt']
8,"voyé, vòy","['send', ' throw']"
9,vré,['true']
10,(la)vwa,['voice']
11,vwala,['interjvoilà']
12,vwayaj,"['voyage', ' trip']"
13,"vwayajé, vwayaj",['travel']
14,vwazin,['neighbor (male or female)']
15,vwazinaj,"['neighborhood', ' vicinity']"
16,vwazinn,['neighbor (female)']
17,(la)vyann,['meat']
18,vyé,['old']
19,vyolèt,"['violet (flower)', ' violet (color)']"
0,war,['see']
1,wawaron,['bullfrog']
2,wèl,['interjwell (discourse particle)']
3,wès,['west']
4,wi,['interjyes']
5,wiski,['whiskey']
6,wit,['eight']
0,yær,['yesterday']
1,yé,['prothey (subject and object)']
2,yê,"['be (interrogative)', ' be (relative)']"
3,yê,['dettheir']
4,-yé,['detplural marker']
5,yéyay!,"['interjyeyaille!', ' wow!']"
0,zærb,['grass']
1,zafær,['zanan']
2,zariko,"['beans', ' zydeco']"
3,zartik,['article']
4,zaryin,['spider']
5,(dé)zèf,['egg']
6,zégré,['egret']
7,zéklær,['lightning']
8,zen (dê),['adjphrsome']
9,zépol,['shoulder']
10,zétaj,['floor (of a building)']
11,zindyin,['Indian (Native American)']
12,(dé)zo,['bone']
13,zœr,"['hour', "" o'clock""]"
14,zònyon,['onion']
15,zoranj,"['orange (fruit)', ' orange (color)']"
16,zòrèy,['ear']
17,zòrtèy,['toe']
18,(vou)zòt,['proyou (plural) (subject and object)']
19,(dé)zòt,['others']
20,zouti,['tool']
21,(dé)zwa,['goose']
22,zwazo,['bird']
0,(dé)zwit,['oyster']
1,zyé,['eye']
0,(dé)zwit,['oyster']
1,zyé,['eye']
