a,wán  ,
a cold,katáu  ,
a former time,fésiten,
a little bit,pikíwan  ,
a lot,ndófu,
a ride with someone who was already going,okási  ,
a straight stretch of river upriver from Duwata where the current is especially strong,Saamákásítááti  ,
abscess,bói  ,
absolutely,gbélín  ,
accept,téi  ,
act playfully,pëë́  ,
Adam’s apple,göögö́ö  ,
"address for father, father's brother, or father in law",taatá  ,
advice,lái  ,
Afobaka,Avobáka,
African,afiikán,
afternoon,sápate,
again,"báka, mö́ön",
aggressive person,fétima  ,
agitate,fón  ,
ago,pasá  ,
agouti,"adjasú, akálúbúka, atjawá, bëgogó mbéti, kökö́ni",
agreement,wë sö́,
airplane,"aviö́n, opaláni",
airstrip,filígífëlíti,
alas!,woló,
·,wooló,
albino,tönë́  ,
·,wétígádu,
all,híi  ,
·,túu,
all kinds of,péípéi  ,
all the time,híniwánten,
allergy,tjína,
·,tjína,
alligator,akalé,
alone,tö́,
·,wánwan,
along,lángálánga  ,
already,kaa,
alright,ántoobi  ,
also,sö́sééi,
·,tu,
altar,gádútáfa,
aluminum,galimö́,
aluminum leg and arm bands,muungá  ,
amazing,bö́djëë  ,
·,foómbo,
·,tófu  ,
America,amëëkán,
Amerindian,íngi,
·,pánai,
amulet,sibá  ,
amulet used to ward off thieves,kándúu  ,
an expression of disdain,hun  ,
ancestor,gaán sëmbë  ,
ancestors,avóavo,
anchor,hánka,
and,ku,
anger,hátíbóónu,
animal,mbéti  ,
animal hair,puúma  ,
animosity,feánti,
ankle,agófútúwójo,
ant,hánsi,
anteater,walilí,
antennae (of insect),bía  ,
antiguity,fésiten,
anymore,mö́ön  ,
anything,soní  ,
apart,apáiti,
approximately,sö́  ,
April,pikídééwéí líba,
apron,fesikö́ki,
argument,takitáki,
arm,máun  ,
armadillo,kapasí,
·,kókóómbéti,
arrange,seeká  ,
arrow,piiwá,
arrow point,tukusí,
as if,táa  ,
ashes,síndja,
aside,së  ,
ask,pidí  ,
at,a  ,
athlete's foot,komsáka,
atmosphere,kamían  ,
attractive,hánse,
August,tanvúwátá líba,
authority,táki  ,
authority figure,tákima,
automobile,otó,
·,tombombíi,
away,gó  ,
awning,dabilé,
axe,matjáu,
baby,miíi  ,
back,báka  ,
back of something,gogó  ,
backpack,mutete,
bad,hógi  ,
·,ógi,
·,pói  ,
·,póípói,
·,póípói,
·,taku  ,
bait,béti,
baksheesh,peesénti,
·,peesénti,
balcony,baikö́n,
·,baikö́n,
·,gadíi,
·,gadíi,
ball,báli,
balloon,baási  ,
bamboo,bambúsi  ,
banana,bakúba,
band tied around waist after giving birth,sínta  ,
bank,bánku,
bankrupt,bangulútu,
baptism,dópu,
bare,gaboo,
barge,póndo,
barrel,balí  ,
·,bidón,
·,bidón,
base,básu  ,
·,básu  ,
·,gogó  ,
base of the spine,lábu  ,
basket,mánda,
bat,pukusu,
·,takufóo,
be broken,boóko  ,
beads,kónda,
·,kónda,
bean,alibí  ,
beard,bía  ,
because,bigá  ,
·,fu dí,
"becoming, be",fíti,
bed,bédi,
bedspread,gaán kóósu,
bee,hö́ni,
beer,bíi  ,
before,ufö́  ,
beg,pidí  ,
begin,séti,
beginning,bigí,
belief,biíbi,
believe,biíbi,
bell,gengé,
belt,bánti  ,
·,bánti  ,
·,lelibúba,
bend,béndi,
besides that:,ufö́  ,
better,bë́të  ,
bicycle,baisígi,
big,bígi,
·,gaán  ,
·,mandúu  ,
·,sitámpu  ,
binoculars,háiko,
bird,fóu,
·,gádúwósu  ,
·,kóóko  ,
bird craw,pápu  ,
bird nest,në́si  ,
birthday,fujái,
birthmark,gádúmááka,
bitter,bíta,
bittern,andolé,
bittern-like heron,andolé,
black,baáka,
black magic,wísi,
blackboard,bö́utu,
·,bö́utu,
bladder,baási  ,
blanket,déigi,
blemish on skin,mamuná,
blind,boókówójo  ,
blink,fón  ,
blood,buúu,
·,gadjabiá,
·,nöngö́  ,
board,paánga,
·,paánga,
boat,bóto  ,
boat-billed heron,hápapa,
body,puúma  ,
·,sínkíi,
boil,bói  ,
·,bói  ,
bone,bónu,
book,búku  ,
·,pampía,
·,pampía,
"bore, to",fuuféi,
borrow,júu  ,
boss,bási,
bothersome,kaakéi,
bottle,báta,
·,dabisán  ,
bottom,gogó  ,
bottomless place in water,fundá  ,
bow,bö́,
box,bö́kúsu  ,
·,dósu,
·,kë́dë́,
·,kë́dë́,
boy,kamísama  ,
brain,töönsö́n,
branch,máun  ,
·,páumáun  ,
brand new,tjéntjén,
brass,kö́pö,
·,kö́pö,
brazen,dëë́wójo,
·,dëë́wójo,
brazenness,dëë́wójo,
·,dëë́wójo,
bread,bëë́ë,
break off,fë́n,
breast,bóbi,
breath,böö́  ,
bridge,boóki  ,
briefly,kö́lö́,
"bright, be",sëndë́,
bring up,kiijá  ,
broad,baái  ,
·,baái  ,
bromfiets,gaamákö́nú wági,
broom,basö́ö,
broth,baafu,
brother,baáa,
brother-in-law,balá,
·,suwági  ,
brush,bö́sö,
·,kapë́ë,
·,kapë́ë,
brush or overgrowth of weeds,gudjugudju  ,
bubbles,pululú,
·,pululú,
bucket,bukéti,
bullet,katóisi,
·,tjúmbu,
burial,béi,
burial place,geébi,
burst,bái latjá,
bus,bési,
·,wági,
bushmaster,adjéna,
·,takutatái,
business,sáki,
but,ma,
butterfly,adömítö,
·,azöbítötö  ,
button,kö́nö́pu,
buzzard,opéte,
·,tingifóo,
by,ku,
·,a  ,
by this time,sonté  ,
cacao,kakáo,
cacique,hë́no,
cake,góma  ,
calabash,kaabási,
·,kúja,
camera,pötilë́ti,
camp,kámpu,
can,kán,
candle,kánda,
candy,kúku,
·,kúku,
·,sútísíi,
cane,kokotí,
cannon,kanú,
canoe,palibóto,
canvas,pelá  ,
captain,kabiténi,
capybara,kapiiwá,
car,wági,
card,káita  ,
care for,lúku  ,
·,seeká  ,
careful,sáápi,
·,sáápi,
carefully,fíni  ,
·,sáápísáápi,
·,sáápísáápi,
·,sápísápi,
·,sápísápi,
careless,fanjanfanjan  ,
cargo,bagási,
·,lái  ,
carpenter,të́mbëma,
case for something,dósu,
cashew,kadjú,
catch,kísi  ,
caterpillar,lonká  ,
celebrate,poólo  ,
celebration,piizíi  ,
cement,simá,
cent,bësë́nsi,
·,köpösë́nsi,
·,së́nsi,
centipede,ahalala,
certain,sóifi,
·,sö́ifi,
chaff,koówa,
·,koówa,
chain,búi,
·,kë́ti,
·,kë́ti,
chains,kë́ti,
·,kë́ti,
chair,bángi,
·,sutúu,
chalk,keéti  ,
chameleon,agama,
change,biá  ,
·,tooká  ,
change around,biá  ,
charcoal,koofája,
chatter,papiá,
chatterbox,fanmá,
cheek,bandjabúka,
·,bandjajési,
cheese,kási  ,
chest,hátímíndi,
·,kë́dë́,
·,kë́dë́,
chest bone,pápu  ,
chicken,ganían,
chicken craw,göögö́ö  ,
chigger,gudugúdú bítju,
·,síka,
child,míi  ,
child’s cap,músu  ,
chin,agba,
Chinese,sinë́isi,
chisel,bë́të  ,
chocolate drink,sukuáti  ,
Christmas,bëdáki,
church,kéíki  ,
cigarette,sigalë́ti,
·,tabáku,
circle,tjangaa  ,
circle made from palm leaves or white clay for ritualistic purposes,tjangaa  ,
citrus fruit,apeesína,
clamp,kaámpi,
clan,lö́,
clean,limbo  ,
clear,limbo  ,
clever,kö́ni  ,
cliff,benga  ,
clock,olóísi,
·,olóísi,
close,tapá  ,
close by,zúntu,
close to,zúntu,
close to death (downriver dialect),suwáki  ,
close to death (upriver dialect),síki  ,
cloth,dúku,
·,gaán kóósu,
·,koósu  ,
clothes,koósu  ,
clothes hanger,hánga  ,
cloud,wö́lúku,
club,feléniki,
·,feléniki,
coals,zonká,
coat,djákíti,
·,djákíti,
cockroach,adabasíi,
·,ahalakpákpa,
cocoa,sukuáti  ,
coconut,kökönö́tö,
cocoon,tébíánkuli,
coffee,kofí,
coffin,kési,
cohorts,paatë́i,
coins,kpë́ngë́lë́ mö́ni,
cold,kö́tö  ,
collect,píi  ,
color,wójo  ,
"color, to",pëndë́  ,
colored,pëndë́  ,
comb,pénti  ,
comfort,kö́tö́háti  ,
common response used to show that one is listening,sö́ö  ,
compass,kompási,
complaint,kaági,
completely,búúú,
conjunction used at beginning of clause to indicate another step in the narrative,hën  ,
container,djógu  ,
container for liquids,báki  ,
contentment,kö́tö́háti  ,
continually,kódó,
·,kódó,
·,nö́ö́mö,
·,nö́ö́mö,
contraction for ‘know how’:,sáanfa  ,
contraction: for you (pl.),fuúnu  ,
conversation,óto  ,
cooked rice,njanján  ,
cookie,kúku,
·,kúku,
cooking oil,fátu  ,
cooking pot,gansë́  ,
copper,kö́pö,
·,kö́pö,
cork,kö́lúku,
corn,kálu,
corn stalk,kálu,
corn tassels,jakajaka  ,
corner,húku  ,
·,tjö́ni,
correct,búnu,
·,búnu,
·,léti  ,
cotton,maáun,
·,maáun,
council,kuútu,
country,kö́ndë,
·,kö́ndë,
courage,dégíháti,
·,dégíháti,
courtesy,maníni,
cover,tampá,
·,tampá,
·,tapá  ,
covetousness,haún  ,
cow,káu,
coward,fë́ë́ë́ma,
cowbirds,hë́no,
co-wife,kambósa,
crab,agása / agásámëku,
·,kaábu  ,
cracker,busikútu,
·,busikútu,
cramp,katangá,
crate,báki  ,
crazy,laú,
·,laúlau,
creek,Gaángoón,
·,kiíki,
crocodile,gandí,
·,káima,
crooked,béndíbéndi,
·,gandaa,
·,köndö,
·,töö́tö  ,
"cross, to",jö́kö,
crowded (e.g. path),fitjá  ,
cup,kán,
·,sikö́tííki,
cupboard,kási  ,
Curaçao,koosóo  ,
curse,fuúku  ,
·,helú,
·,sibá  ,
cut,kóti  ,
cut off,kóti  ,
dagger,dëkpë,
dance,bajá,
·,púu  ,
dancing,pëë́  ,
dark,dúngu,
·,sugúu,
·,sugúu,
darkness,sugúu,
·,sugúu,
daughter-in-law,mái,
day,dáka,
·,didía,
·,didía,
day of rest,sabá  ,
daybreak,dóbóóko  ,
daylight,didía,
·,didía,
deaf,boókójési,
debt,paimá,
deceiver,ganjánma,
December,tuwálúfúmú líba,
decision,táki  ,
decorate,pëndë́  ,
decoration,bisí  ,
deed,dú,
deep,fúndu,
deer,djangafútu,
denomination,kéíki  ,
depend,lángi,
depression,lásiháti,
·,lásiháti,
descendants,paansú  ,
descendent,bákámíi,
desert,sabána,
·,sabána,
desire,kë́  ,
·,tófu  ,
destitute,möfína,
·,pená  ,
·,tjö́kö́ö́,
detail,fútu  ,
devil,didíbi,
dew,adjíwáta,
·,dö́ö́wáta,
different,tooká  ,
director,dikitóo,
dirt or dust,súndju,
dirty,nási,
·,súndju,
disappear,fusí,
discouragement,lásiháti,
·,lásiháti,
disease of the genital area,kándúu  ,
dish,paabí,
dissension,takitáki,
·,takitáki,
dissenter,fiáma,
distant,lóngi,
distinct,apáiti,
·,apáiti,
distress,fuká,
ditch,ngö́tö,
doctor,dáta,
dog,dágu,
doll,póbíki  ,
domineering,goófu,
·,goófu,
donkey,bulíki,
door,dö́ö  ,
·,dö́ö́búka,
door post,dö́ö páu  ,
dove,pómba,
·,pómba,
downriver,básusë,
dress,japó,
drill,bólu  ,
drink,diíngi  ,
drive,lë́i,
drop,kaí  ,
drum,bidón,
·,bidón,
·,doón,
drumming,pëë́  ,
drunk,döö́ngö,
drunkard,döö́ngöma  ,
dry,dëë́,
duck,patupátu,
dumb,dón,
·,dón,
dust,gudugúdu,
Dutch,dóisi,
dwarf,sandopí,
·,sandopí,
dwarfed,gbi  ,
dysentery,takubë́ë,
eagle,gbaniní,
early,fuúku  ,
earring,línga  ,
ears,jési,
earth,dóti,
·,dóti,
·,goónlíba,
·,goónlíba,
earthen,dóti,
·,dóti,
earthen water container,djógu  ,
earthworm,alikpö́,
east,sónúkúmútu,
ebb of water,fáa  ,
echo,adjaansipíkimi,
·,adjáansipíkimi,
·,anasipíkimi,
edge,lénti,
educated,léíléi,
·,léíléi,
eel,lángáfísi,
·,maisi,
(e.g. political) party,paatë́i,
egg,óbo,
eight,áíti,
el (measurement),jái  ,
elbow,agómáun,
electricity,fája  ,
elephant,zaun,
eleven,ë́lúfu,
embrace,baasá,
emergency,nö́útu  ,
enamel,gbangbán,
enclose,tapá  ,
enclosure,péni,
encouragement,dégíháti,
·,dégíháti,
end,kabá  ,
enemy,buuséma,
·,feántima,
·,felántima,
energetic,dënkú,
energy,gaapí,
enjoyable,súti  ,
enough,tjiká  ,
enter,subí  ,
envelope,afölö́pu,
equal,péi,
evening,sápate,
·,sápate,
ever,mö́önsö,
·,nö́ö́mö,
·,nö́ö́mö,
every,íniwán,
everybody,múndu  ,
everyone,híbiwán,
evil,hógi  ,
·,ógi,
·,taku  ,
evilhearted,hógiháti,
exactly right,háánse,
except,bóiti,
exchange,tooká  ,
excrement,kaká  ,
excuse me,piimísi  ,
expensive,díi  ,
explain,púu  ,
expression of disdain,hön  ,
expression of dismay,jeé  ,
expression that indicates a) the end of a conversation b) the beginning of a new topic c) a return to a former topic that has been interrupted,sö́ö  ,
"aki o}""}expression used at end of sentence to soften speech: ko aki o}",o  ,
extending for a distance,lángálánga  ,
extrovertive,wajawaja,
eye,wójo  ,
eyebrow,wójólíbápúúma,
eyeglasses,beéi  ,
eyelash,wójókókóo púúma,
eyelid,wójókókóo,
face,fési  ,
fall,kaí  ,
·,púu  ,
fall apart,lulú  ,
false eye,mönímö  ,
fame,në́bái,
"far away,",lóngi,
farewell,adjóisi,
fast,gáu,
·,gáu,
·,hési,
fat,fátu  ,
father,taatá  ,
·,tatá  ,
father-in-law,pái,
·,pái,
father's brother,taatá  ,
favored person,kö́nu  ,
feather (s),puúma  ,
February,bákájái líba,
fer-de-lance,síndjápéétúmáun,
fever,fë́bë,
fidget,katjakatja,
field for planting,goón  ,
fifty,féífíténi,
fight,féti,
file,líma  ,
film,kínö,
·,kínö,
filthy (head or body),kantii  ,
"fine, loose dirt",gudugúdu,
fine (not rough),fínu,
finger,fínga,
fingernail,húnjan  ,
fire,fája  ,
firefly,azönkíjënjën,
firewood,údu,
first,fósu,
fish,djógu  ,
·,físi,
·,pénti  ,
fish fin,jakajaka  ,
fish net,séépi  ,
fishnet,taamáni,
fist,böö́  ,
five,féífi  ,
flag,faáka  ,
flames,fájátö́ngö,
flashlight,batiléi,
flat,paáta,
flesh,mbéti  ,
·,tjukumbéti,
flood waters,biibíi,
flour,boón,
flower,foló,
flute,foloíti,
fly,lë́i,
flying ant,kómpe  ,
foam,pululú,
·,pululú,
·,sukúma,
fog,bundji  ,
fontanel,ahumë,
food,njanján  ,
foolish,wisiwási,
·,wisiwási,
foot,fútu  ,
for,u,
·,u,
for a little while,,ufö́ (2)
force,duwéngi,
forehead,fésímíndi,
·,míndífési,
forever,kódó,
·,kódó,
·,téégo,
fork,fö́lúku  ,
·,tjökö́  ,
former,awoo,
·,awoo,
formerly,fósufósu,
forty,fö́téni,
foundation,goónséi,
foundation post,pósu,
four,fö́,
frayed edges,faándja  ,
free,fiífii,
French,faánsi,
French Guyana,faánsi,
Friday,fééda,
friend,bája,
·,kómpe  ,
·,máti  ,
friendly,wajawaja,
fright,latjahati,
·,sikë́iki,
fringe,faándja  ,
·,jëkëjëkë,
frown,kwíndji  ,
fruit,fuúta,
·,gádubóibói,
·,mömbë́  ,
full,fúu,
fumes,véntu  ,
funnel,këë́kíti,
fur,puúma  ,
future tense marker,o  ,
game,pëë́  ,
gas (in stomach),véntu  ,
gasoline,óli,
gather,píi  ,
gem,djamátí sítónu,
·,djamátí sítónu,
general public,fö́lúku  ,
gentlemanly,djë́ndë,
genuine,dju  ,
·,lálálálá,
·,lálálálá,
German,Alumán,
get,kísi  ,
get up,hópo  ,
giant armadillo,kámba  ,
gift,kadó,
gills,geéja  ,
ginger,adjíndja,
girl,koósuma,
·,koósuma,
gizzard,húngö,
·,úngö,
glass,gaási  ,
gnat,buábua,
·,támúndú fóo,
gnaw,sán  ,
goat,kaabíta,
God,Gaángádu,
·,Gádu,
god,gádu,
·,gádu,
godhouse,gádúwósu  ,
gold,góútu,
good,búmbúu,
·,búmbúu,
·,búnu,
·,búnu,
·,gbélín  ,
good manners,maníni,
goodbye,duumúndu,
goodheartedness,búnúháti,
·,búnúháti,
gossip,lëgëdë  ,
government,lánti  ,
grackles,hë́no,
grandparent,avó,
grass,ahún,
·,gaási  ,
grasshopper,atíti,
grassland(s),sabána,
·,sabána,
grater,lálu  ,
grave,baáku  ,
gravedigger,baákuma,
gravel,tjátja,
graveyard,beepé,
·,geébi,
gray,síndjásindja,
great,gaán  ,
great-great-great-grandparent,töö́tö  ,
greed,lángábë́ë,
·,lángáháti,
·,lángáwójo,
groin,bangatí,
ground,goón  ,
grounds,tjakatí,
group,bóndji,
·,kulúpu,
grow,kiijá  ,
guilder,kö́lu,
guitar,gitáli,
gun,góni,
hair,hédíúwíi,
·,uwíi  ,
hair pin,pína  ,
half,háfu,
·,háfu,
hammer,háma,
hammock,amáka,
·,zëngë́nima,
hand,máun  ,
handbag,tási  ,
happy,wáíwái  ,
hard,taánga  ,
has curved back,káki  ,
hat,kaapúsa,
"hatch, to",buuká  ,
hatchet,hánmbei,
hate,buusé,
haul,hái  ,
hawk,gabián,
·,kumálu gabian,
hazy,gbitii,
he,a  ,
head,hédi  ,
heart,háti  ,
heat from something,sómba  ,
heat up,këndë́  ,
heavy,hébi  ,
heel,agófútu,
·,bákáfútu  ,
help,heépi,
helpless,makisá  ,
her,ën,
here,akí,
heron,akamawái,
hesitant response to someone calling,jeé  ,
hiccup,atekúteku,
·,tekútekú,
high,héi  ,
high in social structure,hébi  ,
·,héi  ,
hill,Gaángoón,
·,kúnunu,
him,ën,
Hindustani,akulí,
hip,djönkú  ,
·,gogómbéti,
hoe,ahö́,
hog,hágu,
·,hágu,
hole,baáku  ,
Holland,Bakáá Kö́ndë,
honey,hö́níwáta,
hoof,saapátu  ,
hook,húku  ,
·,pén  ,
"hook, to",jö́kö,
horn (instrument or of an animal),tutú  ,
hornet(s),mbutíkáa,
·,mbutíkáa,
horse,hási,
horsepower,péékáa,
hot,kéndi  ,
hour,júu  ,
house,ósu,
·,wósu,
how,unfá,
however,tö́ku,
humility,sákáfási,
hummingbird,vunvun,
hundred,hö́ndö,
hunger,hángi  ,
hunt,hö́ndi,
hunter,hö́ndima,
hurriedly,booboo,
husband,kamísama  ,
·,mánu  ,
husk,kotokú,
husk (e.g. of coconut),kókóo  ,
hypodermic syringe,sipóiti  ,
I,mi,
ice,ë́ísi,
identifying mark,nö́bu  ,
ideophone for alone,tjö́kö́ö́,
ideophone for consistency of wax,kantii  ,
ideophone for shaking,gudjugudju  ,
if,ée,
image,peéntje,
·,peéntje,
·,pindi,
·,pindi,
immediately,wántéwante,
immoral,fanjanfanjan  ,
impertinence,gaán búka,
impolite,goófu,
·,goófu,
important,hébi  ,
·,héi  ,
in,a  ,
in a hurry,saasaa,
in detail,fíni  ,
in front,a fesi,
in regard to,së  ,
(in telling a story),kuma  ,
indeed,tuútuu,
·,tuútuu,
inexpensive,búnkópu,
inferior,lági,
·,lági,
inflict pain,háti  ,
inside,déndu,
instep,böö́ u fútu,
intelligent,kö́ni  ,
intensifier,seéi  ,
intestines,tiípa,
introducer for explanatory clause,nö́ö  ,
iron,tiíki  ,
island,djégi,
·,djégi,
·,paatí  ,
it,ën,
·,a  ,
jacket,djákíti,
·,djákíti,
·,jási  ,
jaguar,ambulúpái,
·,bubú,
·,hógímbéti,
·,pëndë́mbéti,
·,takumbéti,
jail,dunguwósu,
January,jáílíba,
Javanese,jampanë́si,
jealous,djalúsu,
jealousy,fédja,
·,haún  ,
Jew,djú bákáa,
jewel,djamátí sítónu,
·,djamátí sítónu,
joke,sipóótu,
joker,botjítjima,
jug,djógu  ,
July,baímátú líba,
jump,djómbo,
June,hö́ndima líba,
jungle,mátu,
·,mátu,
just as,kuma  ,
·,léti  ,
just enough,háánse,
just like,kuma  ,
kerosene,amëëkán óli,
·,kaasíní óli,
kettle,kë́të,
key,söö́tö́míi,
kidney,alibí  ,
kill,pói  ,
kilogram,kiló,
kilometre,kilométi,
kind of people,nasíön,
king,kö́nu  ,
kingfisher,kwátákwata,
kiss,bósi,
kite,filígi,
knee,kiní,
kneecap,kinítampa,
knife,fáka,
knot,agó,
knowledge,sáanfa  ,
lace,dantéi,
·,fanteisí,
ladder,láda  ,
·,sikáda,
lame,lán  ,
·,lánlan  ,
lamp,fája  ,
language,tö́ngö  ,
lap,fútúlíba,
large canvas or plastic sheet to protect,pelá  ,
last-born,tapábë́ë́ míi,
later,bákaten,
laugh,láfu,
law,wë́ti,
·,wë́ti,
lawyer,afokáti,
lazy,malë́ngë,
lazy person,malë́ngëma,
leader,fésima,
·,hédima,
·,tákima,
·,tíima,
leaf,uwíi  ,
learned,léíléi,
·,léíléi,
leaves or vine for poisoning fish,ndekú  ,
leech,sébítáa,
leg,fútu  ,
legend or folk tale,kóntu  ,
leper,tjínama,
leprosy,bësinkíi,
·,tidé síki,
·,tjínásíki,
let,bé,
letter,biífi,
·,biífi,
liberty,fií  ,
lice,lósu,
lichens,bilolí,
·,bilolí,
lid,tampá,
·,tampá,
lie in wait for,lulú  ,
life,líbi  ,
lifetime,líbiten,
lift up,hópo  ,
light,fája  ,
·,limbo  ,
lighting,gaángádú kóti fája,
like new,tjéntjén,
lion,lë́un,
lips,búkákásíka,
liquid,wáta  ,
listless,lë́kíti,
·,lë́kíti,
little,abíti,
·,pikí,
·,pikí,
liver,lë́bën,
living,líbílíbi,
lizard,kaluwá,
load,páki  ,
loan,júu  ,
lock,söö́tö,
log,páu  ,
log put across creek for crossing,láda  ,
loincloth,kamísa,
long (house but not path),lánga  ,
"long narrow item (e.g. hand of a clock, pencil)",papái  ,
long pole for pushing boat through rapids,kulá  ,
long time,té  ,
look,lúku  ,
look at,lúku  ,
loose living,jajó  ,
loquacious person,fanmá,
lose,lási  ,
loss,lási  ,
loudly,taánga  ,
lover,lóbima,
low-class,lági,
·,lági,
lump,dómbo,
lungs,fuköfukö,
macaw,alála,
machete,ufándji,
machine,masíni  ,
maggots,kaká  ,
·,wë́nwënkaká,
main path,sitááti,
man,ómi,
·,wómi,
manner,fási  ,
·,fútu  ,
"manner of being, living or doing",fá  ,
many,gbitii,
·,hía,
·,hía,
marble,mönímö  ,
March,gaánlíba,
mark,maaká  ,
mark or scar where a knife has cut,fáka  ,
market,wojowójo,
marriage,töö́u,
mask,basikaánu,
·,masikaádu,
master,mása  ,
matches,suwálufu,
material for cross-stitching,lápu  ,
mattress,mataási,
May,sébítáá líba,
may,sa,
maybe,kandë́,
·,sonté  ,
me,mi,
measles,mási,
·,mási,
measure,maaká  ,
"meat, fish",gbamba  ,
medicine,deési,
medicine man,lúkuma,
medicine tablet,péíki  ,
menstruation,faádji,
"mercy, to have",sáa,
message,bosikópu,
·,búka  ,
·,busikópu,
messenger,tjábúkama,
metal,félu  ,
meter,më́ti,
micah,mutjáma kaká,
middle,míndi  ,
midget,sandopí,
·,sandopí,
·,tönë́  ,
might,mákíti,
·,mákíti,
milk,më́íki,
·,wáta  ,
mill,mbíi  ,
million,milión,
millipede,göö́ngö́ö,
minute,miníti,
miraculous,tófu  ,
mirror,sipéi  ,
misfortune,hógi  ,
·,hógíhédi,
mist,sumúku  ,
mistake,fö́útu,
mixing stick,leletí,
moisten,munján,
molar,mamágógótánda,
molasses,baáká máási,
·,maási,
mold,bundji  ,
Monday,fö́dáka,
money,mö́ni,
month,líba  ,
moon,líbáwójo,
moonlight,dö́ö́límbo,
more,mö́ön  ,
more than,mö́ön  ,
morning,mámate,
mosquito,biibíí fóo,
·,máku,
mosquito net,gaidé,
moss,bilolí,
·,bilolí,
·,gbënëgbë́në,
·,gbënëgbë́në,
·,gbönögbönö,
·,gbönögbönö,
most essential part:,mamá  ,
mother,mamá  ,
mother-in-law,mái,
motor,masíni  ,
mouse,mösimö́si,
moustache,líbábúká bía,
·,núsúbúká púúma,
mouth,búka  ,
"move, to",bulí  ,
movie,kínö,
·,kínö,
much,hía,
·,hía,
·,ndófu,
mucus,katáu  ,
mud,pötöpötö,
mulatto,maáta,
mumps,kpábu,
·,papáda,
mush,pápa,
·,pápa,
mushroom,adikpókpo,
must,músu  ,
myself,míséei,
nail,peégu,
naked,pë́në́pënë,
name,në́  ,
name for the greatest God,naná  ,
narrow shovel,sikópu  ,
nation,nasíön,
naughty,pói  ,
·,póli,
naval,bíngo,
necessary,fanö́udu,
neck,gangáa,
necklace,kónda,
·,kónda,
need,nö́útu  ,
needle,agúja,
negative,án  ,
negative marker,ná  ,
Negro,në́ngë,
·,në́ngë,
never,mö́önsö,
·,nö́íti,
new,njúnjun  ,
New Year's Day.,jái  ,
news,njúnsu,
nice,súti  ,
·,wáiti,
·,wáiti,
night,ndéti,
night herons,hápapa,
night pot,doodó  ,
nine,në́ígi,
·,në́ni,
no!,nö́nö,
nod,fón  ,
nose,núsu,
nosebleed,sangá  ,
not,ná  ,
not acceptable,fánáfíti,
not seen often,díi  ,
not sensible,laúlau,
not timid,jajó  ,
November,ë́lúfúmu,
now,awáa  ,
·,nö́unö́u  ,
number,nö́bu  ,
nun,mazó,
nurse,sö́sútu,
obeah,óbia,
ocean,zé,
o'clock,júu  ,
October,tínímúlíba,
of,u,
·,u,
offering,pakamë́ntu,
office,kantóo,
officer,oposíi,
official meeting,kuútu,
often,híniwánten,
oil,fékísi,
o.k.,ántoobi  ,
·,ántoobi  ,
okra,asila,
·,lalú,
old,awoo,
·,awoo,
·,gaándi  ,
old man,tatá  ,
older,gaán  ,
older person,gaán sëmbë  ,
on top of,a liba,
one,wán  ,
onion,ajón,
only,nö́ö  ,
·,tö́,
·,wánwan,
·,wánwan,
open place in woods,wéi  ,
opossum,awalí,
·,kwátíwójo,
opportunity,okási  ,
or,násö  ,
or polish,bísi  ,
orange,apeesína,
organization,feléniki,
·,feléniki,
other,óto  ,
otter,awaapúja,
·,watadágu,
outgoing,wajawaja,
outside,dö́ö́së,
oven,ö́nfuö́,
overbearing,dökíön,
overgrown,fitjá  ,
overgrowth,masiá  ,
owl,agbigbi,
·,hógífóu,
·,ogi fóo,
"pack, a",páki  ,
"pack, to",páki  ,
paddle,páda  ,
pain,pén  ,
paint,féífi  ,
pair,páa,
palm branches used for thatching roof,pína  ,
palm tree,maká  ,
pan,pánu  ,
pants,buúku  ,
·,buúku  ,
papaya,mamáun,
paper,biífi,
·,biífi,
·,pampía,
·,pampía,
paralyzed,lán  ,
·,lánlan  ,
Paramaribo,fóto,
pardon,paadón,
part of body,kamían  ,
pastry,bólu  ,
path,pási  ,
patience,pasénsi,
pattern (of cloth),wójo  ,
payment,paká,
peace,kö́tö́háti  ,
peanut,pindá,
peanut butter,pindá,
peas,pési,
peccary,djampö,
·,pakía,
"peel, to",buuká  ,
peeling (e.g. orange),kákísa  ,
pellet,péíki  ,
pellets,hága,
·,lö́tö  ,
pencil,këijö́n,
peninsula,djégi,
·,djégi,
penis,pipí,
people,lánti  ,
pepper,pë́pë,
perfume,lösíön,
·,sumë́ë́sútífátu,
person,në́ngë,
·,në́ngë,
·,sëmbë,
pestle,tatí,
petition,bégi  ,
·,bégi  ,
phlegm,gangáá wáta,
photograph,fóótóo,
picture,peéntje,
·,peéntje,
piece of,písi  ,
pier,lampéési,
pig,hágu,
·,hágu,
pigeon,pómba,
·,pómba,
"pile, a",hípi  ,
pillow,kúnsu,
pilot,aviatë́,
pimples,njö́nkúsu,
pin,pén  ,
pineapple,gádúbói,
·,naná  ,
pipe,pípa,
piranha,gándjífísi,
"pity, to",sáa,
placard,bö́utu,
·,bö́utu,
place,kamían  ,
placenta,bákama  ,
"plane, wood",peéni,
plank,paánga,
·,paánga,
plant,tási  ,
·,uwíi  ,
plant for making medicine,döö́ngöma  ,
plant used for medicine and obeah,kö́tö́háti  ,
plastic,kalë́ti,
play,pëë́  ,
playful,poólo  ,
please,gaántangi,
pliers,kaábútánda,
plop,gbi  ,
plumbline,lö́tö  ,
plump,logoo,
·,logoo,
"pod of palm fruit (after it breaks open, it is often used as large dustpan)",kókóo  ,
pointed,tjö́nítjö́ni,
poison,opión,
·,poosían  ,
pole,kö́ndö,
police,sikö́utu,
pool,tóbo,
pool of water,pú  ,
poor,pená  ,
·,pootí,
porch,baikö́n,
·,baikö́n,
·,gadíi,
·,gadíi,
porcupine,adjindjá,
·,maká mbéti,
porridge,pápa,
·,pápa,
position,kamían  ,
possessions,lái  ,
post,pósu,
"pot, earthen",pö́tö  ,
pot of medicine or obeah,pö́tö  ,
pound,póntu,
power,kaakíti,
·,kaakíti,
·,mákíti,
·,mákíti,
pox,mási,
·,mási,
praise,hópo  ,
prayer,bégi  ,
·,bégi  ,
preacher,dómini,
precisely,léti  ,
pregnant,tán  ,
prepare,seeká  ,
present time,nö́unö́u  ,
preservative,kánfu  ,
presume,biíbi,
pretty,gbélín  ,
·,hánse,
·,hánse,
·,wáiti,
·,wáiti,
pretty girl (slang),mömbë́  ,
prevent,tapá  ,
pride,gaán fási,
priest,mazó,
prison,dunguwósu,
produce,púu  ,
promiscuity,wákáwáká líbi,
promise,paamúsi,
propeller,páda  ,
propose,pidí  ,
prostitute,mötjö́,
protection against evil,tapá  ,
proverb,nöngö́  ,
·,wö́du,
pull,hái  ,
pull in,hái  ,
pulp or pith,tjakatí,
pumpkin,pampú,
·,pampú,
punishment,sitááfu  ,
pure,gbélín  ,
·,limbo  ,
quarrel,búja,
quarter,kwálíki,
quick,gaagaa,
·,gáu,
·,gáu,
quickly,hésíhésí,
·,hésíhésí,
·,pálá,
·,saasaa,
quiet,sáápi,
·,sáápi,
quietly,sáápísáápi,
·,sápísápi,
·,sápísápi,
"quietly, slowly",sáápísáápi,
rain,tjúba,
rainbow,mutjáma,
raise,kiijá  ,
rapids,dán,
"rapids, river",Kadjú  ,
rash,jási  ,
rat,dökufö́utu,
rather,ká  ,
rattle,tjaká,
rattlesnake,tjakásíndéki,
raw,kúákúa  ,
ready,kabá  ,
real,lálálálá,
·,lálálálá,
really,gbélín  ,
receive,kísi  ,
recently,njúnjun  ,
reckless,fásífási,
red,bë  ,
·,bë  ,
“red cent”,bësë́nsi,
red cent,köpösë́nsi,
reddish,bë  ,
·,bë  ,
reed,kambalúwa  ,
reed arrow for shooting fish,kambalúwa  ,
reed press,matapí  ,
regulation,wë́ti,
·,wë́ti,
relatives,famíi,
remove,púu  ,
rent,júu  ,
repayment for something,paimá,
reputation,në́  ,
respect,lesipéki,
response to statement,wë sö́,
rib,bandjapapáíbónu,
rib of palm leaf,papái  ,
rice,adjámtóo,
·,ahunjön,
·,akökí  ,
·,aláláhíntóóbi,
·,alísi,
·,dabisán  ,
·,majaja  ,
rice that grows after harvest,masiá  ,
rich,gúdu,
·,gúdu,
riches,gúdu,
·,gúdu,
right (hand),léti  ,
right now,nö́unö́u  ,
right-hand,létímáun,
ring,andélu,
·,línga  ,
ringworm,sakáamë,
ripe,mandúu  ,
river,lío,
river rapids,Kadjú  ,
rock,sitónu,
"roll, a",lólu  ,
roll up,lólu  ,
room,kámba  ,
root,lútu,
rope,djeendjé  ,
·,tatái  ,
rough,kasa,
round,logologo  ,
·,logoo,
·,logoo,
·,lóntúlóntu,
row,alö,
·,lala,
rub,gili  ,
rubber,baatá,
·,baláta,
ruined during cooking,gbi  ,
rum,daán,
rump,gogó  ,
rust,kaká  ,
·,sukúfu  ,
sack,sáku,
sad,kusumí,
·,kusumí,
·,tjalí,
safety pin,pína  ,
sailboat,zéibóto,
saliva,búkáwáta,
salt,sátu  ,
saltine,busikútu,
·,busikútu,
salve,fékísi,
same,seéi  ,
sand,sándu,
sand flea,gudugúdú bítju,
sandal,saapátu  ,
sandpaper,sansipampía,
sandwasp,adaáun,
Saramaccan,Saamáka  ,
Saramaccan area,Saamáka  ,
Saramaccan skirt,koósu  ,
sardine,saadíni,
sash,bánti  ,
·,bánti  ,
Saturday,sata,
saw,sán  ,
·,sán  ,
sawdust,fukufuku,
·,koówa,
·,koówa,
·,sákísi,
scab,mamuná,
scarf,ángísa,
·,hángísa,
school,sikö́ö,
scissors,seséi,
scorpion,adingö u téla,
·,bóntani,
·,kúkútúlábu,
screen,maaní  ,
screw,biápéégu,
·,sukúfu  ,
scrub,gili  ,
scum,gbënëgbë́në,
·,gbënëgbë́në,
·,gbönögbönö,
·,gbönögbönö,
seat on boat,lési  ,
second growth weeds and bushes,majaja  ,
seed,síi  ,
seed for planting,paansú  ,
self,seéi  ,
September,wajamáká líba,
set up,séti,
seven,së́bën,
sewing machine,masíni  ,
shade,kö́tö  ,
shadow,jejé  ,
shake off/out,sakpí,
shame,sén  ,
sharp curve,tjö́ni,
sharp edge of the knife,fáka  ,
sharp (e.g. knife),saápu  ,
sharp in understanding,saápu  ,
she,a  ,
shear pin,pén  ,
"shed, to",puumá,
shell (e.g. of turtle),kókóo  ,
"shell, to",buuká  ,
shinbone,dö́ö páu  ,
shine,sëndë́,
ship,sípi  ,
shirt,hë́mpi,
shoes,súsu  ,
short,básu  ,
·,sáti,
should,musu,
shoulder,ahö́máun,
·,ahwámáun,
show off,poólo  ,
shrimp,adingö,
·,saasáa,
sick (downriver dialect),síki  ,
sick (upriver dialect),suwáki  ,
side,bandja,
·,së  ,
sieve,maaní  ,
silver,sóófu,
since,sénsi,
sing,síngi  ,
singing,pëë́  ,
sink,síngi  ,
sister,sísa,
sister-in-law,suwági  ,
six,síkísi,
size up,wégi  ,
skin,búba,
·,kákísa  ,
skirt,kóto,
skull,hédíbónu,
sky,gaángádu,
·,líba  ,
slander,pói  ,
slave,saáfu,
slavery,katíbo,
sleep,duumí  ,
"sling, to",jaa,
slingshot,abalë́ti,
slippery,koogá,
·,lö  ,
sloppy,fanjanfanjan  ,
sloth,siló,
slowly,sáápísáápi,
·,téigi,
sluggard,malë́ngëma,
sly,bö́djëë  ,
·,bö́djëë  ,
·,kö́ni  ,
small,pikí,
·,pikí,
·,sumáa,
"small item of which there are many (e.g. bead, candy, pill)",síi  ,
smoke,sumúku  ,
smooth,línzo,
snail,kóla,
snake,líma  ,
·,matapí  ,
·,páumáun  ,
·,sindéki,
·,sínta  ,
·,tatái  ,
sneak off,fusí,
sneaking,bö́djëë  ,
·,bö́djëë  ,
sneaky,politíki,
snobbish,kampiísi,
snobbishness,gaán wómí fási,
so,sö́  ,
soap,sópu  ,
socks,köúsu,
soft,fulufulu,
·,fulufulu,
·,mö́i,
soldier,sodáti,
some,háfu,
·,háfu,
·,wánlö,
something,soní  ,
"something made skillfully with your hands, e. g.wood-carving, embroidery, decorations on cassava bread",të́mbë  ,
something said,óto  ,
son or daughter,míi  ,
song,kandá  ,
son-in-law,pái,
·,pái,
soon,abítímö́ön,
·,djúnsu,
sore,kasikaási,
·,kasikaási,
soul,akáa,
sour,gándji  ,
·,sówa,
source,búka  ,
sow seed,jaa,
Spanish,sipanjö́lu,
sparkling,njëngënjëngë,
spawning place for fish,në́si  ,
speak,papiá,
spear,lánza,
speckled,wangawanga,
·,wangawanga,
spider,adjaansi,
·,adjáansi,
spine,bákámíndí,
spirit,gádu,
·,gádu,
·,jejé  ,
spirit that possesses one when certain trees are felled or damaged,sómba  ,
"spirit, water",tönë́  ,
split open,bái latjá,
spoil,sówa,
spoiled,pói  ,
·,póípói,
·,póípói,
·,póndi  ,
sponge,sipö́nsu,
spongy,fulufulu,
·,fulufulu,
spoon,kujë́ë,
spotted,pëndë́  ,
·,pëndë́pëndë,
·,pëndë́pëndë,
square,fö́kánti,
square off (wood),kwéi  ,
squash,pampú,
·,pampú,
·,pú  ,
squeeze,kwíndji  ,
squirrel,djeendjé  ,
stain,mandjá,
stairs,boóki  ,
·,boóki  ,
·,sikáda,
·,sö́dö  ,
·,taápu  ,
stalk,lulú  ,
stamp,sitámpu  ,
stand up,hópo  ,
star,teéja,
statue,pindi,
·,pindi,
·,póbíki  ,
steam,véntu  ,
steps,boóki  ,
·,boóki  ,
·,taápu  ,
sticky,diaan,
·,namii,
·,tamii,
stilts,atikónko,
·,tikónko,
stingray,djampaíni,
·,sipaí,
stingy,giíi,
stomach,bë́ë  ,
stool or bench,bángi,
stop,tán  ,
·,tapá  ,
storage place for rice,suwá  ,
storey,sö́dö  ,
story,óto  ,
strap,nambá,
street,sitááti,
strength,kaakíti,
·,kaakíti,
·,sitái,
stretcher,daági,
string,lala,
·,tatái  ,
striped,pëndë́  ,
·,pëndë́pëndë,
·,pëndë́pëndë,
strong,gbélín  ,
·,mandúu  ,
·,sitámpu  ,
·,sitéifi,
·,taánga  ,
stump,tómpi,
stupid,dón,
·,dón,
stutter,ngáku,
sudden action,djómbo,
suddenly,hésíhésí,
·,hésíhésí,
sugar,súki,
sugar cane syrup,maási,
sun,sónu,
Sunday,sónde,
suppose,më́ni  ,
surely,tuú,
·,tuú,
Suriname,Saaná,
swallow-tailed kite,sípi  ,
swamp,biibíi,
·,suwámpu,
sweet,në́mínëmi,
"sweet food made with rice, peanuts and sugar",muungá  ,
sweet or delicious,súti  ,
sweet roll,bólu  ,
syrup,maási,
table,táfa,
taboo,tjína,
·,tjína,
tabu name for chicken,súsu  ,
tadpole,alónaago,
tail,lábu  ,
take,téi  ,
talk,fan,
·,papiá,
tall,djangaa,
·,héi  ,
·,lánga  ,
tan color,sukuáti  ,
tangerine,koosóo  ,
tank,báki  ,
tap someone (for attention),kaábu  ,
tapioca,tapióka,
tapir,bófo,
·,gaán mbéti,
tar,táa  ,
·,tála,
tarantula,gaán adjáansi,
tasteless,sö́sö  ,
tea,té  ,
teach,léi  ,
teacher,më́sítë,
tear off,fë́n,
tears,wáta  ,
·,wójówáta,
tempt,lulú  ,
·,poobá,
ten,téni,
tent,peláwósu,
term of address between men,mánu  ,
term of address to man,wómi,
term of address (usually for brother-in-law or sister-in-law),suwági  ,
termites,kopíkopi,
test,poobá,
testimony,kotóígi,
·,kotóígi,
than,léki,
thanks,tangí  ,
that,táa  ,
thatch material,tási  ,
the area where people live,gandá  ,
the general public,lánti  ,
"the street in Paramaribo known as Saramacca-straat, where Saramaccans buy most of their supplies and where they take a truck to the interior",Saamákásítááti  ,
themselves,désééi,
there,alá,
·,dë́  ,
·,naandë́,
thick,dégi,
thief,fufúuma,
·,ngátu,
thigh,asákpáa,
thin,fínu,
·,lë́bë́ë́,
·,makisá  ,
·,mángu,
thing,soní  ,
think,më́ni  ,
think through,wégi  ,
third person emphatic pronoun,hën  ,
thirsty,dëë́wáta  ,
thirty,diíténi,
this,dísi,
thongs,deláila,
thorns,maká  ,
thousand,dúsu,
thread,maáun,
·,maáun,
three,dií,
throat,tutú  ,
throne,kö́núbángi,
throw,jaa,
thumb,gaán fínga,
·,mamáfínga,
thunder,gaángádú bái,
Thursday,gaánsaba,
thus,sö́  ,
tick,kaapátu,
ticket,káita  ,
time,júu  ,
·,tén  ,
·,toón,
"time, a (very) long",té  ,
tin can,kán,
tin cup,kán,
tip,peesénti,
·,peesénti,
tired,wéi  ,
"tired of, get",fuuféi,
to,a  ,
to acquire,féndi  ,
"to advance by natural mode of locomotion (walk, slither, ride, etc.)",wáka  ,
to aim at,maaká  ,
to amaze,bö́djëë  ,
to answer,píki  ,
to argue,fiá  ,
to ascend,subí  ,
to ask pardon,piimísi  ,
to baptize,dópu,
to be,dë́  ,
to be acquainted with someone,guwénti  ,
to be agreeable,kaí  ,
to be careful,kö́ni  ,
·,më́mbë  ,
·,më́ni  ,
to be exciting,sipán  ,
to be filled to bursting,sipán  ,
to be happy,piizíi  ,
·,wái  ,
to be jealous or covetous,haún  ,
to be lazy,lési  ,
to be mean,hógi  ,
to be necessary,dë́  ,
to be protected against black magic,lépi  ,
to be reconciled,mindí  ,
to be ripe,lépi  ,
to be strained,sipán  ,
to be used to something,guwénti  ,
to be wilted,láu  ,
to bear fruit,paí  ,
to beat,fón  ,
to beat up,fón  ,
to become,kó  ,
to become lost,lási  ,
to begin,bigí,
to betray,kö́nku  ,
to bind together,mindí  ,
to bite,nján  ,
to boil,bói  ,
to borrow,léni  ,
to boss,mása  ,
to bother,toóbi  ,
to break,boóko  ,
to bring together,míti  ,
to bruise an old sore,muungá  ,
to bury,béi,
to buy,bái  ,
to call out,kái  ,
to carry,tjá  ,
to cement,simá,
to chain,búi,
to clamp,kaámpi,
to clap hands,lálu  ,
to clean,limbá  ,
to climb,subí  ,
to cluster,bóndji,
to cock (gun),káki  ,
to come,kó  ,
to comfort,ganján  ,
to command,mandá  ,
to complain,guunján  ,
to compliment,gafá,
to compose (a story or song),mindí  ,
to consider,pakiséi,
to cook,bói  ,
to corrode,nján  ,
to count,kondá  ,
to crow (i.e. rooster),kandá  ,
to crowd,peetá  ,
to cry,këë́,
to cut off from its stalk (e.g. maripa fruit),tjaba  ,
to dance,bajá,
"style""}to dance sëkëti style",tjë́kë  ,
to deal out,paatí  ,
to decorate,bisí  ,
to defecate,kaká  ,
to degrade someone,kö́nku  ,
to delay,buujá,
to desire,lö́sútu  ,
to dig,díki  ,
to disperse,paajá,
to distress,fuká,
to disturb greatly,séki  ,
to divide,paatí  ,
to divorce,túwë  ,
to do,dú,
to double-cross,dimbolí  ,
to drift (i.e. water),diípi  ,
to drill,bólu  ,
to dry,dëë́,
to dry up (e.g. eggplant),tjupá  ,
to eat,nján  ,
to elongate,lánga  ,
to embalm,kánfu  ,
to embrace,baasá,
to endure,tjá  ,
to erect,hópo  ,
to establish,butá  ,
to estimate,léíki  ,
to examine,hulu  ,
to feel,fíi  ,
to fell (a tree),fáa  ,
to ferment,diíngi  ,
to fight,féti,
to file,líma  ,
to fill,fúu,
to find,féndi  ,
to finish,kabá  ,
to fit,fíti,
to follow,faáka  ,
to force,duwéngi,
·,músu  ,
to frequent person or place,hulu  ,
to fry,jasá  ,
·,pánu  ,
to fuss at,búja,
to gain,wíni  ,
to give a sharp pain,fingá  ,
to give an injection,sipóiti  ,
to give away too generously,saajá  ,
to give birth,paí  ,
to go,gó  ,
to go around,lóntu  ,
to go around something,lómbóto  ,
to go through (e.g. a village),,latjá (2)
to gossip,lëgëdë  ,
to grab,panján  ,
to graze in passing,tjaba  ,
to grind,mbíi  ,
to grow,nasí  ,
to grow or expand,göö́  ,
to grunt,giintá,
to guard,wákíti  ,
to guard (a house),wátji  ,
to hand to someone,tëndë́  ,
to hang,hë́ngi  ,
to hang (oneself),hánga  ,
to happen,pasá  ,
to harvest,kóti  ,
to hate,buusé,
to have a contest,fiá  ,
to have a good time,piizíi  ,
to have an unpleasant odor,láu  ,
to help,heépi,
to hesitate,buujá,
to hit (on purpose or accidentally),náki  ,
to hold,hói,
·,panján  ,
to hold tightly,peetá  ,
to hunt,hö́ndi,
to hurt,háti  ,
to interrogate,fíni  ,
to iron,tiíki  ,
to itch,kaási,
to join,namá  ,
to keep,hói,
to kick,sikópu  ,
to kiss,bósi,
to know,sábi  ,
to lack,makéi  ,
to laugh,láfu,
to lead,tíi  ,
to leak,kulé  ,
to lean,hë́ngi  ,
to lean to one side,kándi  ,
to leave,disá  ,
to leave a smarting pain (e.g. alagisa jasa mi),jasá  ,
to lend to someone,léni  ,
to lick,lëmbë́  ,
to lie down,kándi  ,
to like or love,lóbi  ,
to live,líbi  ,
to load (e. g. cargo),lái  ,
to lock,söö́tö,
to long for,hángi  ,
to loosen,bösö  ,
·,lúsu  ,
to make,mbéi  ,
to make a design on,maaká  ,
to make firm in the ground,fingá  ,
to mark,maaká  ,
to mark with identifying mark,nö́bu  ,
to marry,töö́u,
to massage,pusá  ,
to measure,maaká  ,
to meet,míti  ,
to mess up,fanjanfanjan  ,
to miss,mísi  ,
to mourn,këë́,
to move over,pusá  ,
to offend,mísi  ,
to open,jabí  ,
to pass by,pasá  ,
to patch,lápu  ,
·,mindí  ,
to pay,paká,
to peel,limbá  ,
to permit,bé,
to perspire,suwá  ,
to pick out,píi  ,
to pierce,fulá  ,
·,súti  ,
to pinch,píndja  ,
to play an instrument or game,pëë́  ,
to plead,bégi  ,
to pound,fón  ,
to pour,lái  ,
·,tutú  ,
to pour into container,kándi  ,
to praise,gafá,
to press,zín,
to pretend,ganján  ,
to prick,tjökö́  ,
to promise,paamúsi,
to purr,lonká  ,
to put,butá  ,
to read,lési  ,
to recede,diípi  ,
to reincarnate,nasí  ,
to remember,më́mbë  ,
to request,bégi  ,
to rest,lö́sútu  ,
to return,tooná  ,
to rip or rend.,fulá  ,
to roar,giintá,
to rock or swing back and forth,doodó  ,
to row a canoe,púu  ,
to rub,lóbi  ,
to run,kulé  ,
to sand,bísi  ,
to say:,táa  ,
to scold,kósi,
to scratch,húnjan  ,
·,kaábu  ,
·,kaási,
to scratch up,sakatá  ,
to sell,séi  ,
to send,mandá  ,
to separate,paatí  ,
to sew,nái  ,
"to sew, carve, or do handcraft",të́mbë  ,
to shake,séki  ,
to sharpen,líma  ,
to sharpen (knife),maá  ,
to shave,limbá  ,
to shoot,súti  ,
to show,léi  ,
to side with,namá  ,
to sing,kandá  ,
to slacken,bösö  ,
to slander,kósi,
to sleep,duumí  ,
to slide something to one side,pusá  ,
to slip,koogá,
to smoke,sumúku  ,
to snore,lonká  ,
to soak in soapy water,sópu  ,
to solve (problem),lúsu  ,
"to sound out, e.g.:",píki  ,
to speak,fan,
to speak sharply,gándji  ,
to spill,tómbi,
to spin,toosá,
to split,latjá  ,
to spoil,póndi  ,
to spray,sipóiti  ,
to spray from the mouth,fulá  ,
to spread,paajá,
to spread a piece of news indiscriminately,saajá  ,
to spread (something) out,jabí  ,
to sprinkle for religious purposes,lëmbë́  ,
to squash or step on,makisá  ,
to squeeze,zín,
to stab,tjökö́  ,
to stagger around,sangá  ,
to stain,mandjá,
to stamp,sitámpu  ,
to stay,tán  ,
to steer,tíi  ,
to stop,disá  ,
to stop at a boat landing,,tjökö́ (5)
to stretch,tëndë́  ,
to suck,tjupá  ,
to surround,lómbóto  ,
to swear,sói  ,
to swell,sói  ,
to take a short cut,fulá  ,
to take in sexual intercourse,féndi  ,
·,téi  ,
to take offense.,máti  ,
to talk negatively about someone,guunján  ,
to tell,kondá  ,
to tell an untruth,lëgëdë  ,
to tell secretly,píndja  ,
to think,pakiséi,
to throw,híti  ,
to throw away,túwë  ,
to tie,tái  ,
to till (e.g. a field),tjaba  ,
to tilt,tómbi,
to toss and turn,sakatá  ,
to touch,namá  ,
to treat a sickness,kulá  ,
to trick,ganján  ,
to trust in,fitoóu,
to tuck in,fingá  ,
to twist,toosá,
to twist cotton or sisal into thread,fási  ,
to understand,fusután,
to uproot,hön  ,
to use sparingly,píndja  ,
to wait for,sipéi  ,
·,wákíti  ,
to wait for someone,wátji  ,
to want,kë́  ,
·,tófu  ,
to warm up,kéndi  ,
to watch someone with the intention of catching him/her at something,wátji  ,
to wave,wái  ,
to win,wíni  ,
to wrap up,dimbolí  ,
to yawn,hóha,
toad,djómboma,
·,tö́dö,
tobacco,tabáku,
·,tjontjombá,
today,tidé,
toenail,húnjan  ,
together,makándi,
tomato,tomáti,
tomorrow,amanján,
tongue,tö́ngö  ,
too much,pói  ,
tool,félu  ,
tooth,tánda  ,
toothpaste,adantífi,
toss,bulí  ,
toucan,kujaké,
train,talán,
trap,aviti  ,
·,taápu  ,
tree,akpasa watjí,
·,mömbë́  ,
·,páu  ,
·,wándji,
trellis,gölë́ti,
trip,lë́isi,
trouble,toóbi  ,
trousers,buúku  ,
·,buúku  ,
truck,wági,
TRUE,tuútuu,
·,tuútuu,
truly,tuú,
·,tuú,
trunk,kófu,
·,toómpu,
trust,fitoóu,
try,poobá,
Tuesday,féifídáka,
turn,béndi,
·,bulí  ,
turtle,gbegú,
·,logoso,
twelve,tuwálufu,
twenty,túwénti,
twin(s),túlíngi,
two,tú,
ugly,taku  ,
umbrella,paasóo,
·,paazóo,
unconscious,faáu,
uncouth,fánáfíti,
under-captain,basiá,
underneath,básu  ,
·,básu  ,
understanding,fusután,
underwater,básúwáta,
uneven,kanúkanú,
unfortunate circumstance,sitááfu  ,
unhappy,kusumí,
·,kusumí,
unhealthy,makisá  ,
universe,múndu  ,
unravel,lulú  ,
unselfishness,búnúháti,
·,búnúháti,
until,té  ,
unusual power to do something,poosían  ,
up,a liba,
upriver,líbasë,
urine,miindjá,
us,ú,
use,nján  ,
use up,nján  ,
uvula,geéja  ,
vagina,kú,
variegated,wangawanga,
·,wangawanga,
vegetables,gulúntu,
vegetation,uwíi  ,
vehicle,wági,
very much,pói  ,
Vicks,fékísi,
victor,wínima,
village,Kadjú  ,
·,kö́ndë,
·,kö́ndë,
village captain,kabiténi,
vine,mandúu  ,
·,tatái  ,
vinegar,asín,
visitor,wakamá,
voice,tö́ngö  ,
vulture,djankóo,
·,jamasú,
·,njamasú,
·,opéte,
·,opéte,
waist,míndi  ,
wait,lúku  ,
wait a minute!,tán  ,
walking stick,kokotí,
wallet,pootumö́ni,
warm,kéndi  ,
wash,wási  ,
wasp,fétima  ,
wasp(s),mbutíkáa,
·,mbutíkáa,
wasps,wasiwási,
watch,mö́tu,
·,olóísi,
·,olóísi,
water,wáta  ,
water spirit,tönë́  ,
watermelon,baasía,
·,watambúu,
way,fútu  ,
·,pási  ,
we,ú,
weak,lë́kíti,
·,lë́kíti,
weapon(s),fétílái,
weather,wéi  ,
Wednesday,pikísaba,
·,sumáá saba,
week,sabá  ,
·,wíki,
weevils,weduwedu,
weigh,wégi  ,
well,baákúwáta,
·,bë́të  ,
·,búmbúu,
·,búmbúu,
west,sónugo,
"wet, to",munján,
whale,laláo,
what,andí,
wheel,wágífútu,
when?,na ún ten,
where,ká  ,
·,naásë́,
·,unsë́,
where one lives,písi  ,
which,ún,
while,písi  ,
·,té  ,
whip,hípi  ,
whirlpool,biáwáta,
whiskers,bía  ,
whistle,fofío,
white,wéti,
white clay used for religious purposes,keéti  ,
who,ambë́,
whole,télu,
whore,púta,
why?,andí mbéi,
wide,baái  ,
·,baái  ,
wide open,gaboo,
wife,koósuma,
·,koósuma,
wind,véntu  ,
window,fë́nsë,
wine,wín,
wing,hánza,
wisdom,sáanfa  ,
with,ku,
with pleasure,wáíwái  ,
without,sö́ndö,
without feeling,gbi  ,
witness,kotóígi,
·,kotóígi,
·,kotóígima,
woe,helú,
woman,mujë́ë,
woman who bears children,paíma  ,
woman who has just given birth,paíma  ,
womb,bë́ë  ,
wood,boánti,
wood lice,weduwedu,
wood plane,peéni,
wooden whistle for attracting agoutis,sibá  ,
woodpecker,tótómbotí,
woods,kapë́ë,
·,kapë́ë,
·,mátu,
·,mátu,
wool,aniítiputu,
·,aniítiputu,
words,wö́utu,
workman,woókoma,
world,goónlíba,
·,goónlíba,
worm,bítju,
worry,boókóhédi,
worthless,sö́sö  ,
·,wisiwási,
·,wisiwási,
wound,kasikaási,
·,kasikaási,
wrestle,katjakatja,
wring out,kwíndji  ,
wrist,akiikö́ u máun,
·,këkë́ u máun,
yam,maká njámísi,
·,njámísi,
yard,djái,
yarn,aniítiputu,
·,aniítiputu,
yawn,hóha,
year,jáa,
yellow,kóóko  ,
yes,aái,
yesterday,jéside,
yet,éti,
"yield (e.g. a seed, a crop)",púu  ,
young,njö́nku,
younger one,pikíwan  ,
your,fií  ,
your sister-in-law’s husband or your brother-in-law’s wife,mbéti  ,
yours,fií  ,
·,fuúnu  ,
youth,kijóo,
zuurzak,alukutú,
