Words,Translation
a,"is, are  "
a bi,being  
a call,calling  
a cum,coming  
a dat fi appen to yuh,You had that coming  
A door,outside  
A duh,doing  
a fi,it’s for  
a fi mi,"is for me, it is mine  "
a get,getting  
A gi,giving  
A go,going  
A Gwine,I'm going to  
a hav,having  
a lie,lying  
a luk,looking  
A move,moving  
A nex,another  
A nuh,isn't  
A nuh everything gud fi eat gu,Not everything that's worth eating is worth talking about  
A nuh mi,It's not me.  
A nuh nutten,It's nothing  
A nuh same day leaf drop a wat,It's not the same day a leaf drops to the bottom of the water that it begins to rots  
a play,playing  
a seh,saying  
A si,seeing  
a sidung,sitting  
a start,starting  
A suh,That's how  
A suh mi duh mi ting,This is how I do my thing  
A suh mi tan,That's the way I am  
A suh wi dweet,This is how we do it  
A suh wi stay,That's how we are  
a talk,talking  
a tek,taking  
a tell,telling  
a that wid dem,That's the problem with them.  
a tink,thinking  
a try,trying  
a wah,What is it?  
A wah dis,What is this?  
A wah duh dem,What's wrong with them / What's their problem  
A wah duh yuh,"what is wrong with you, What is wrong with you  "
a wah happen to yuh,What's wrong with you  
A wah suh,Why is it so?  
A watta guwaan yasso,What's going on here?  
A weh dem feel like,What the hell is their problem?  
A weh yuh deh,Where are you?  
a wuk,working  
Abeng,Maroon cow-horn instrument
Abuja,A firefly  
Accompong,"A historic maroon village located in St. Elizabeth, Jamaica"
Ackee,Ackee is one of the most popular fruits in Jamaica. It is Jamaica’s national fruit and also Jamaica’s national dish combined with salt fish. Ackee is derived from the original name Ankye which comes from the Twi language of Ghana.
Actoba,october  
Addi,Of the  
Adeebl,Audible  
aff,off  
Affect,Affec  
afta,after  
Age paper,Birth Certificate  
Aguh,Ago  
Ah,"Of, A  "
Ah fi mi,It's for me  
Ah gud,Serves you right  
Ah suh di ting tan,That's the way it is.  
Baan,born  
baas,boss  
Baba,barber  
Baby love,Darling  
Baby madda,Baby Mother  
Babylon,Police man  
Babylon system,Slang expression used to refer a corrupt government or organization that facilitates the rich  and exploits the poor  
babylon water,spirit cane / liqour  
bac,back  
back a bush,Deep rural or country area  
Back a Yard,"Expression used to refer to one’s home town or country, particularly in Jamaica. The literal translation is “Back at home”."
back answer,talk back  
back chat,talk back  
back talk,talk back  
Back yuh fist,Masturbate  
backa,behind  
backazz,back way  
Backfist,masturbate  
Backfoot,Slang term used as an expression of surprise
Backra,Slave Master  
Backside,A Jamaican slang word which is used mostly when you are surprise.
backway,backwards  
bad bad bad,very bad/ badly  
Bad Gyal,bad girl  
Bad like yaz,Awesome  
Bad luck wus dan obeah,Bad luck is worse than witchcraft  
bad lucky,Unlucky or in an unfortunate situation
Bad man,Gangster  
bad man wagon,BMW  
Bad mind a kill them,They’re dying of envy  
Bad up,rough up  
Bad wud,Curse Word  
Badda,"bother, bother, Bother  "
Badda Badda,constantly bother  
Badman ting,Criminal activity  
Badmind,"jealous / envious, envious person, Envious  "
Badness,violent behavior  
badwud,"badword,  profanity,  an expletive   "
Bafan,"clumsy, Clumsy  "
Bag juice,A cheap beverage made of water and syrup that is sold in a small plastic bag.
Bag O Wire,Betrayer  
Bagga,a lot of  
Bagga mouth,all talk but no action  
bagga tings,A lot of things  
Baggy,underpants  
baide,"Bathe, bathe  "
Bait,Punk  
bait up di thing,to set someone up for a downfall or cause disappointment or embarrassment
Bak A Waal,Slum  
Bakka,back of/behind  
bakkle,"Battle, Bottle  "
Bakklefield,Battlefield  
balance,behave well  
Ball an chain,Strict control  
Ball head,Bald Head  
balm oil,A special oil used when conducting spiritual healings or other obeah rituals
Balm yard,A location where healing rituals are practice using obeah or other forms of dark magic
Bammy,A traditional Jamaican Flat round pancake-looking bread made from grated cassava from which the bitter juice has been extracted. The cassava is pressed downed to decrease thickness and then baked on both sides. It is normally served with fried fish or any other fried food.
Banana boat,"Slang term for a boat or ship that is used to transport immigrants from the Caribbean to first world countries such as the England, United States or Canada. The ships were primarily used to transport bananas from the Caribbean but would also offer passage for anyone from Caribbean going to the returning country (America, England etc…) at a cheaper cost than normal passenger ships."
Bandu,Hair band  
Bang belly,Big bellied  
Banga,Burner Phone  
Bangarang,"trouble or disturbance, Old  items, Commotion  "
Bangle,bracelet  
bank robbas,Slang for Desert Trek Clarks
bankra,basket 
Banton,"a storyteller,Story teller "
Bapps,A mistress 
Baps,suddenly 
Bashment,"Party,Party "
Bashy,"Hot,Hot,Hot "
batimamselle,Dragonfly 
batta bruise,abuse 
Batta Ears Gyal,Skank 
Battam,bottom 
Battery,gang bang /gang rape 
Batty,"ass,Bum,Buttocks "
batty bwoy,F**got 
Batty Crease,Ass crack 
Batty Gyal,Dyke 
Batty hole,"asshole,Ass hole "
Batty Man,"Gay,F**got "
Batty peg,Ass cheek 
Batty Rider,Booty shorts 
Batty wash,"Stimulation of the anus with the tongue,Rim job "
bawl,Cry 
Bawl out,Cry out 
Bawn,Born 
Bax,Slap 
Bax Cova,Oh my God 
Bax Dung,Slap you down 
Bay rum,Aromatic alcohol rub used for medicinal purposes.
bayfoot,barefoot 
Bbc,f*cking 
Bbrcl,F*cking hell 
Beat dem bad,Surpass 
becum,become 
Bedroom Bully,A man or woman that is the primary initiator of sex in the bedroom. He/she controls sex and therefore controls the bedroom
Beenie,"Little,small/tiny "
Begga,Beggar 
Beggy beggy,Begs too much 
Belly,Pregnant 
Belly bottom,Abdomen 
Belly cork,Belly button 
ben,"Upset /angry,vexed / angry "
Ben Johnson day,Thursday 
Bench an batty,Very close friends 
Bendun maaket,a roadside market 
Benup,bent 
Bere,A lot 
Betta,Better 
Bex,Vex 
Bi,Be 
Bicaa,Because 
big an suo suh,big and useless 
Big Batty Gyal,big booty girl 
Big bout yah,Large and in charge 
Big chune,Great Song / Hit Song 
Big heads dem,The higher ups 
Big hole gyal,Term used to refer to a female with a big/loose vagina
Big man ting,Slang term used to refer to a situation that is adult business; childish behavior is not acceptable
Big Massa,God 
Big Ooman,Big woman / lady 
Big people ting,Adult business 
Big tings a gwaan,Big things are happening 
Big Up Your Chest,be proud of yourself 
Big up yourself,give yourself a pat on the back 
Big yard,A large tenement 
Bigga,bigger 
Bigga Heads,Higher ups 
biggis,biggest 
Biggs,Fatso 
Bikaaz,because 
Bike back,The passenger seat of a motorcycle
Bikkle,Food 
Bill,Chill 
Bill bak,Relax / chill 
Bills,One hundred dollars ($100.00) 
Bimma,BMW 
Bin,been 
binggy,A catapult. 
bird bush,A place where lots of birds inhabit and is primarily used for bird hunting
bisi,"Cola, A reddish-brown fruit usually chewed by the elderly."
bissy,A cola nut that it is used as a poison antidote or as medicine.
bitch lick,"A violent, savage blow."
bitch up,To perform a task inadequately or crudely without attention to quality or detail
Biznizz,Business 
Blabba mout,"Chatterbox,Blabbermouth "
black heart,Coldly cruel; cold hearted
Black Up,Smoke Weed 
Blacka,Dark skin black man 
Blackbud seh fi im pikni fus,Blackbird says her child comes first. 
blackcat,coochie 
Blaze,smoke weed 
Bleach,to go without sleep usually because of excessive partying or any other fun activity
Bleachaz,Slang expression used to refer to a black person who bleaches/lightens their skin. The literal translation for “bleachaz” is “bleacher”
Bless,"Whether it be 'bless', or a variation such as 'bless up' or 'blessings', or ‘highly blessed', some Jamaicans generally greet each other in a way that says that they wish the other person peace, abundance and rest in all they do.

"
bless up,"Bless up is used in Jamaica to mean, have a nice day, have a good day or have a blessed day."
Blessed,Everything is cool 
blinky blinky,firefly 
Blood Fiah,Blood Fire 
Bloodclaat,Blood Cloth 
Bloodcleet,F**k 
Bloodseed,Mild curse word used when one is frighten
Blouse an skirts,Blouse and skirts 
Blousenawt,Darn 
Blow wow,Holy crap 
Blue Draws,A boiled pudding made from green bananas
Blue movie,Porn 
Blues,Pornography 
Blurtnawt,What the hell 
Blurtneet,Oh my god 
Bly,"Chance,Chance "
Board man,Slang expression for a man that cannot get or satisfy a woman
Boasie,boastful / ostentatious 
Bobo dread,Dreadlocks Man 
Bodderation,Botheration
Bogle,Popular dance by the dancehall icon of the same name Gerald Levy aka “bogle”.
Bolo Slush,"A brown-looking stew with red peas,It is usually served with white rice or some large dumplings made of some kind of wheat flour."
Bong belly pickney,Greedy Person 
Bongo,Black 
Boogooyaga,Degenerate 
booguyaga,low class / worthless 
Boom flick,Somersault 
boonoonoonoos,"sweetheart,sweetheart,special person "
Boops,Sugar Daddy 
Boots,"Condom/Shoes,Condoms "
Booyaka,Bang! 
Borosie,Rude person / jerk 
Bou yah,Around here 
boun fi,sure to 
bounce off,to share with someone for the purpose of getting feedback
Bounty Killer,Holy crap 
Bout,About 
Bow,Slang use to describe when someone performs oral sex; mostly on a woman.
Bowcat,Slang expression use to refer to someone who gives oral sex to a woman
BOX,"A speaker box used for the amplification of reggae music. Boxes may be up to five feet tall, and are used both at parties and by record vendors to amplify music on the streets."
Box Food,Food sold in foamed clamshell take-out containers
Box Juice,Sweet Beverage sold in box containers
Boy Affi,Boy have to 
Braff,Showing off 
Bragadaps,Suddenly 
brap,gunshot sound effect 
Brawla,Brawler 
Brawta,Bonus/Extra 
Breath easy,Relax/calm down 
Bredda,"Brother,Brother "
Breddah,"brother,Brother "
Bredren,"Brethren,Brethren "
breed,pregnant
Brejin,Brethren 
Brethren,Brother 
Bright,Rude 
Bringle,"Angry,Agitated "
Brinks,Rich/wealthy Person 
Bro Gad,Bro God 
Broughtupsy,"Good Manners,Good manners "
Brown man,Light skinned black male 
bruck out,misbehave 
Bruk,"broke,Semen,break "
Bruk calabash bring new one,"Broke the calabash, bring a new one "
Bruk It Dung,Break It Down 
bruk off,break off 
Bruk out,misbehave 
Bruk pocket,Broke pocket 
Bruk up,Break 
bruk weh,"to break away,  to break loose "
Bubble,A popular dance move done by women. This dance has strong sexual undertones and consist of a variety of hip and belly actions a woman does when she is dancing.
Bubu,"Fool,Fool "
Buck,Run into 
Buck up,"bump into, Meet, stumble into "
Bud,"bird,Bird "
Buddy,Penis 
bull bakka,bully 
Bulla,"A small round cake made with molasses and flavored with banana or ginger. They are inexpensive and easy to make using molasses, flour and baking soda. They are typically eaten as a snack with cheese or avocado."
Bully beef,Canned corned beef 
bumaye bumaya,An expression of greeting. Could also used in the context of telling someone you agree with them and others as well.
Bumba,Holy Crap 
Bumbo,F**k 
Bumbo pussy raasclaat,During an argument it is used to express feelings of anger or used when excited or within a conversation with friends.
Bumborass,F**k 
Bumbowhole,Motherf**ker 
Bumpa,Buttocks 
bumper,butts 
Bun,"burn, annoy, Spiced Bun, Cheat "
Bun a fyah,Denounce 
Bun dem,Bothers them 
bun out,To rebuke or lambaste 
bun up,burn up / burnt up 
Bun weed,"smoke weed,smoke weed "
bunk ah rest,relax or take a nap. 
Bunks,bump 
Burga,Burger 
Bush Tea,"A bunch of leaves, natural herbs, or grasses used for making tea, especially in the morning. The leaves are thrown into a boiling pot and steeped. The tea is strained off."
buss,burst
Busta,A popular soft drink in Jamaica
Butta,Butter 
Butu,Hick
Buv,Above 
bwile,boil 
Caa,Can't  
Caca faat,Slang term used as an expression of extreme surprise (incredulous)
cah,cause  
Cap a shot,Bust a cap  
Carry Belly,Harbouring negative feelings for someone  
Casco,Fake  
Catapul,Slingshot  
Catty,Broad  
caw,because  
Cease and Sekkle,stop everything and relax  
Cemetery,"A girl whose had many abortion, Cemetery"
Cerfiticket,Certificate  
Cha Cha Bwoy,Ladies man  
Chakka chakka,"untidy, Untidy  "
Chaliss,Bong  
Chalwa,Chalice  
Chap eh line,Scam  
Chapareeta,Bracelet  
Chappa,Scammer  
Chargie,"Homie, Bro  "
Charlie,Penis  
chat,talked  
Chat mi,"To be talked badly about, or to be talked downly upon"
Chaw,Chew  
Chawklit,Chocolate  
Cheddar,Money  
Chewsday,Tuesday  
Chi chi,Homosexual  
Chi chi man,Homosexual Male  
chichi man,gay  
Chicken merry hawk deh near,"Chicken is merry, a hawk is nearby  "
Chief inna town ginnal mus li,"Chief's in the town, the con artist will prosper  "
Chigger,Trigger  
Chile,Child  
Chimmy,Chamber pot  
Chiney,Asian Person  
Chiney Brush,Liquid which is brushed onto the penis to increase staying power. For those with erectile dysfunction
Chiney Guinep,Lychee  
Chink,Bed bug  
Cho,"Darn, Dammit  "
Choat,Throat  
chobble,Trouble  
Choch,Church  
choops,Kiss on the cheek  
Chowziz,Trousers  
Chrent,strength  
Chriet,straight  
Chrow,Throw  
Chubble,trouble  
Chuck,"Shove, Truck  "
Chue,TRUE
Chune,Tune  
Chuo cho,Chayote  
Chupid,Stupid  
Chups,Kiss on the cheek
Chuu,TRUE
Chuut,Truth  
Claat,"cloth, Cloth  "
Claffy,Idiot  
Clappas,Firecrackers  
Cock it up,To have aggressive sex in a doggy-style position.
Cock mouth kill cock,A c**k’s mouth causes its death  
Cocky,C**k  
Coco,"Jamaican name for tannia and yautia. A staple food in the Caribbean, this tuber was originally imported from Polynesia (where it is known as taro) by the Portuguese. Cocos have a white chalky flesh. They may be left in the ground for considerable periods of time."
Coco bread,Coochie  
Da one deh,that one  
Daadie,Daddy  
Dagga,dagger  
Daggering,"A popular dance move done in Jamaican dancehall clubs. Daggering is where a man and woman are dancing in a sexually provocative manner (dry humping), which usually includes them simulating various sexual positions in an aggressive manner."
Dah,That  
Dahkahs,Sunglasses  
dalla,dollars  
Dan,Than  
Dance,party  
Dancehall,"A fast paced style of Jamaican reggae which originated in the late 1970s. Dancehall is actually very different form traditional reggae as it is mostly made for dancing in the club (hence the name “dancehall”). Dancehall is mostly Dj-ing rather than singing; in which it typically involves multiple artistes dj-ing on a single riddim (e.g. guns and roses riddim). Some popular dancehall artistes are Beenie Man, Vybz Kartel, Mavado, Sean Paul, Bounty Killer and Shaba."
Das maad,That's awesome  
Dash,Throw  
Dash dem weh,Throw them away  
Dash weh,"throw away, Throw away  "
Dat,That  
Dat a,that's  
Dat cost dear,Expensive  
Dat Deh,That  
Dat kinda vibe,in that sort of feeling/way
Dawg,"Friend or homeboy, Dog  "
Dawg nuh hol ef him ha bone,The dog does not howl if he has a bone.  
Dawg wid too much owna sleep w,Dog with too much owner sleeps without bone  
Dawta,Daughter  
Dead Hood,Dead C**k  
Dead left,"Inheritance, mostly pieces of land and houses.  "
Dead Wid Laugh,Dying with Laughter  
Dead yard,Wake  
Deadman yard,Cemetery  
Dear,Expensive  
Deedi,Feces  
dees,these  
Deffaz,A very hard slap to the face that may cause temporary hearing loss to the victim
Deh,"together, Together, There  "
Deh pon a endz,Slang expression for saying that one has gone out (usually somewhere nice).
Deh yah pon di gully side,Slang expression used to state one is chilling at an impoverished or neglected area of an city
Deh ask,asking  
Deh bout,Nearby  
Deh bout yah,To be present.  
deh deh,there  
Deh Joke,kidding  
Deh liv,living  
Deh pan a endz,At a location  
Deh pon,On  
Deh run,running  
Deh suh,Over there  
Deh suh it deh,That's where it's at  
deh yah,"I'm here, Here  "
Dehgeh,Soley  
Dem,"those, they, They, them, Them  "
Dem a,they're  
Dem aguh,they'll  
Dem nah learn,They're not learn  
dem teef,they're thives  
dem time deh,those past time  
Dem Wah Fi Know,They want to know  
Den,Then  
Deven,Didn't even  
Di,The  
Di adda day,"recently,  just a few days ago  "
Di olda di moon di brighta it,The older the moon the brighter it shines  
Di wul a dem,all of them  
Dibbi dibbi,Lie.  
Did,"were, Was  "
did a worry,worried  
did ask,asked  
faada,"dad, father, father  "
Faas,Fast  
Faawud,Forward  
Face bwoy,A handsome fellow  
Facety,"feisty, Rude  "
Fah,"For, For, For  "
Fala fashin,imitative  or copycat  
FALLA,Follow  
Fallah,Follow  
Fambily,"Family, Family  "
Family ram,Incest  
farin,foreign  
Farrid,Forehead  
Fassy,D**khead  
Fassyhole,Motherf**ker  
Fatta,"Nickname given to fat or obese male, Fatter  "
Fava,favor  
Fawma,Farmer  
Fayva,resemble  
Fayvah,Look like  
Feel,"feels, felt  "
feel no way,"Don't Worry, Don't worry  "
Feem,His  
fi,"to, for, for  "
fi deh,"to be,  should be  "
fi dem,"their, For them  "
Fi eva,forever  
Fi im,His  
Fi mi,"mine, For my, My, my / mine  "
Fi wi,our  
Fi yuh,"for you, yours  "
Figat,Forgot  
Figet,"forgot, Forget  "
Figga,figure  
fine,"found, find  "
Finga,Finger  
Finger never seh look here hi,Finger never says “look here” he says “ look yonder”  
Fingga,Finger  
Fire deh a muss muss tail him,"Fire is at a mouse’s tail, he thinks it’s cool breeze  "
First Light,Tomorrow  
Fish,"Homosexual male, homosexual, Gay, Fruit Cake, Homo  "
fish bowling,"Smoking weed in a closed and small space, with the intent of not letting the smoke escape, to recycle the smoke in a space, as in a car."
Fish tea,Fish Soup  
Fishaman neva seh him fish tin,Fisherman never says his fish stinks  
Fiyah bun,"fire burn / denounce, Fire burn  "
Flex,Slang expression for making a move to go somewhere else or hanging out on the block.
Flim,Movie / film  
Fling,Throw  
Flittas,Fritters  
Flowas,Flower  
Fluffy,fat /plump  
Fluxy,"Slang expression used to refer to anything that has undesirable characteristics (filthy, tacky, flimsy etc…)."
Fly dem bat,Kill them  
Follow Fashion Monkey,CopyCat  
Fone,phone  
foofa,Whose  
Foofool,Stupid  
Foonu,your / yours  
Foot,"In Jamaican Patois, the term “foot” is used to refer to the legs, ankles or feet"
foot battam,foot bottom  
Forty Leg,Large Centipede  
Fos,first  
Fowl feed a yaad nuh hard fi k,Fowl fed at home isn't hard to catch  
Frackles,Money  
Fraidy fraidy,Easily Afraid  
Gaan,"went, Gone  "
Gainst,Against  
Galang,"Go away, go along / get on with, go away, go along, Go along/Go on  "
Galliwasp,A harmless Jamaican lizard which is incorrectly believed to be poisonous.
Gangalee,Gangster / Don  
Ganja planta,Ganja farmer  
Gansey,T-shirt  
Gaza,Gaza  
Gaza Mi Seh,Slang expression used to state that you support Vybz Kartel (a popular Jamaican entertainer) and his crew from the Portmore Empire(nicknamed Gaza). The literal translation is “Gaza I say”
Geem,Give him  
Genaral,General  
Genna,General  
Get weh,Got away  
Ghetto bwoy,Ghetto boy  
Gi,"given, Give  "
Gideon,Armageddon  
gimmi,give me  
Ginga,Ginger  
Ginnal,Con Artist  
Git,Get  
Git up,Get Up  
Give thanks,Thank you  
Gizzada,coconut pastries  
Glammity,Glammy  
Gleena,"Gleaner, The Gleaner  "
Go deh,Go there  
Go down deh,Go down there  
Go dung,Go down  
Go go,"stripper, A stripper or club whore, Stripper  "
Go weh,go away  
Goat deh sweat but long hair c,Goat is sweating but its long hair covers it  
Goat mouth,Jinx  
Godeh,"go there, Go there  "
Good fowl sey im a guh a marke,"Good fowl says he’s going to go the market, Sensei says he’s going too  "
Good Gyal,Good Girl  
Goodas,"Nice Body (Girl), Good girl  "
Goodie,Goody  
Govana,"Governor, Governor  "
Grades,Marijuana / Weed  
Gravalicious,Greedy  
Gree,agree / to get along  
Greetings,"An opening used to express a greeting or to answer a telephone, normally by Rastafarians"
Grindsman,Stallion  
Grow,Raise  
Grung,Ground  
Gud aftanoon,Good afternoon  
Gud evenin,Good evening  
Gud Mawnin,"good morning, Good Morning  "
Gud mawnin how yuh stay,"Good morning, how are you?  "
Gud Nite,Good Night  
Guh,"goes, go, Go  "
Guh Farwud,Go Forward  
Guh fi,Go for  
Guh leff,Go left  
Guh rite,Go right  
guh suh,Go this way (or that way)  
Gully,"Ghetto or slum, Ghetto  "
Gully Mi Seh,"Slang expression used to state that you support Mavado (a popular Jamaican entertainer), but not is rival Vybz Kartel"
Gungo peas,Pigeon peas  
Gunguru mara,God Almighty  
Guzzu,Curse  
Gwaan,Go on  
Gwaan suh,Acting like that  
gwaana,go to  
Gweh,"Go away, Go away  "
Maad,Awesome  
Maaga,Skinny  
Maama man,"Sissy, Homo  "
Maas,Mr.  
Macaroni,"Used to describe a stupid person, particularly a bad driver usually carrying multiple unfortunate passengers. Someone is often called Macaroni after any type of automobile accident or if they are known to have had one or more crashes."
Macka,Thorns  
Mad mi,Upset / drive crazy  
Mada,mom  
Madda,Mother  
maddi maddi,eccentric  
Maggle,Model  
Mammy,Mommy  
Mampy,"obese, Obese woman  "
Man a Gallis,I'm a player  
Man a yaad,Man of the house.  
Man clown,"A female that is strongly infatuated with a man and will do anything for him, even if he does not feel the same way"
Man noh dun cross ah riva noh,Do not offend people knowing full well they are in a better position to cause you harm  
Manley,Jamaican one thousand ($1000) dollar bill  
Mannaz,Manners  
Mannish Water,Goat Soup  
Mantel,A male slut  
Mareena,Wife beater tank top  
Maroons,"Free hill dwellers whose forebears had either never known slavery or had successfully fled to the hills where they lived in free, self-governing communities"
Mash up,Break  
Mash up di place,Take by storm  
Maskitta,Mosquito  
Massah,Mister  
Massive,Group or collective of human beings
matarafak,matter of fact  
Matey,Side chick  
Matic,An automatic gun  
Matta,matter  
Mauger,Skinny  
Mawga,"Skinny, Skinny  "
mawga cow a bull muma,A slim cow is mother to a bull.  
Mawning,Morning  
mean,meant  
Mechiz,Message  
Mek,"makes, made, Make  "
Mek Dem,Let them  
Mek it stay,Leave it alone  
mek mi tell dem,let me tell them  
Mek wi,let's  
mek wi dweet,let us do it  
mekhace,make haste  
Mengkeh,"fool,  idiot, mentally ill etc  "
Mento,"Jamaican folk music, forerunner of calypso and reggae,now rarely performed"
Merika,America  
Merikan,American  
Merri Crissmuss,Merry Christmas  
Mi,"I’m, I'm, I, Me  "
Mi a,"I am, I'm  "
Mi a gwaan easy,I’m taking it easy  
Mi a happen,I’m smoking hot  
Mi a vegetarian,I'm vegetarian  
Mi aright,I'm ok  
Mi beg yuh,To ask humbly  
Mi criss,I’m ok  
Mi cum fram,l come from  
Mi cum yah fi drink milk mi n,"I came here to drink milk, I didn’t come to count cows  "
Mi deh yah,"I'm Here, l'm here, I am here  "
Mi did ah,I was  
Mi frass,I'm high  
Mi fyah cyaah quench,"I can't stop, I will neva stop  "
Mi G,My General  
Mi gaan,Good bye 
Mi gud,I'm good 
Mi gud tanks,"I'm fine, thanks "
Mi haffi,I have to 
Mi hav,I've 
Mi hav asthma,I have asthma 
Mi hav cold,I have the cold 
Mi head a hat mi,I have a headache 
Mi hungry,I'm hungry 
Mi like yuh,I like you 
Mi Luv Yuh,I Love You 
Mi luv yuh tuh,I love you too 
Mi luv yuh wid all a mi heart,I love you  with all of my heart 
Mi miss yuh,I miss you 
mi nah ramp,I am not playing. 
Mi name,My name is 
Mi need a dacta,I need a doctor 
Mi need fi guh a hospital,I need to go to the hospital 
mi neva baan wen mi madda gaan,I am not stupid 
Mi nice,I'm great 
Mi nuh,"I Don't,I don't "
Mi nuh biznizz,I don't care 
Mi nuh care bout yuh,l don't care about you 
Mi nuh deh pan nutten,Nothing is going on for me / I am not doing anything 
Mi nuh go deh,I did not go there 
Mi nuh kin teet,I'm very serious 
Mi nuh know,I don't know 
Mi nuh like eh,I don't like it 
Mi nuh luv yuh,l don't love you 
Mi nuh nyam pork,I don't eat pork 
Mi nuh undastan,I don't understand 
Mi nuh waah yuh,I don't want you 
Mi nuh waan yuh,l don't want you 
Mi old but mi no cold,I am old but I am not cold 
Mi old but mi nuh cold,I'm old but certainly not cold 
Mi pregnant,I'm pregnant 
Mi Raah,Oh my God 
Mi run tings yah,I'm in charge here 
Mi seh,I said / I say 
Mi sick,I'm sick 
mi soon farwud,I will be back soon 
Mi thirsty,I'm thirsty 
Mi throw mi corn but me neva c,I threw my corn but I didn't call any fowl 
Mi waah fi bi wid yuh fi eva,I want to be with you forever 
Mi wah yuh,I want you 
Mi wi call yuh inna di lataz,I will call you later 
Mi wi lick yuh inna yuh face,I will hit you in your face 
Mi wud,I'd 
Mi wudda like sum spring wata,I would like some bottled water 
Mi wudda waah breakfast,I would like breakfast 
Mi wudda waah dinna,I would  like dinner 
Mi Yaad,My home 
Mi yard,My home 
Mi yeye a mi market yuh a mi c,"My eyes are my market, you are my cocoa basket "
Mi yout,My youth 
Mia,I am 
Miggle,Middle 
Miggle day,midday 
mine shawp,to have a sharp mind 
miself,myself 
Miss Chin,Asian Woman 
Miss Lee,Expression used to refer to a person of Asian descent
Missa,Mr 
Missa Brinks,Sucker 
Missa Chin,Mister Chin 
naa av nuh massi,dont have mercy  
Naafi,Don't have to  
nable,"navel, Navel  "
Nah,not  
Nah guh,"ain't, won't  "
Nah jesta,Not joking around  
nah lie,not lying  
Nah sell out,Not selling out  
Nah tell yuh,Not telling you  
Nanny,Jamaican five hundred ($500) dollar bill  
Nanny raas,Grandmother's backside  
Nassy,Nasty  
Natch,Don /top ranking gangster  
Natty,Rastafarian  
NATTY CONGO,Dreadlocks Man  
Nave,don't have  
Nawmal a lie,"This is normal, is that a lie?  "
Nay,didn't / wasn't  
Nebba,Never  
Neegle,Needle  
Neegle eye,Tight vagina  
negus,king  
Neguse Negest,King of Kings  
Nek,Neck  
Nek bak,Back of your neck  
Neva,"weren't, wasn't, Never  "
Nex,Next  
Ngaf,Don't give a f*ck  
Nice up,To promote and foster a positive feeling.
Niceness,"Greatness , very good , sweet or worthy  "
Nine Night,Wake  
Nite,night  
Niyabinggy,Soldier  
Nize,Noise  
No sah,No Sir  
No woman no cry,"No woman, don't cry  "
Nobady,anyone  
Nobady haffi know,Nobody has to know  
Nothing nah gwan,Nothing is going on  
Nuff,"Many, More, Much etc., many/ a lot, It literally means many or plenty, from the English word enough., many / alot of, plenty  "
Nuff a unu,A lot of you  
Nuff Luv,Lots of love  
Nuff Respect,Utmost respect  
Nuffa,A lot of  
Nuffi,should not / must not  
Nuh badda mi,Don't bother me  
Nuh buy puss inna bag,Do not buy a cat in a bag  
Nuh draw mi tongue,Don't draw my tongue  
Nuh duh dat,Don't do that  
Nuh ebery ting dat ave sugar s,Everything that has sugar in it is not necessary sweet  
Nuh every kin teet ah laff,Not every smile is laugh  
Nuh everything good fi eat go,Not everything good to eat is good to talk about  
Nuh fi,"not to, Should not  "
Nuh linga,"Don Linger(Person), Expression used to state that you must not be slow or reluctant in whatever you are doing"
Nuh live nowhere,"To have nothing or little, or not being in a comfortable or prosperous state because of poverty, no work etc. etc."
Nuh muh,"anymore, No more  "
Nuh muss,Nuh muss is an expression used to show confidence in knowing something or the ability to do something
nuh romp wid mi,Don't play with me  
Nuh suh,Isn't that so?  
Nuh tek ugly mek laff,Don't take an ugly situation for laughter.  
NUH TRUE,Isn't it true?  
Nuh wait till drum beat before,Do not wait until the drum beats before you grind your axe.  
nuh weh,nowhere  
nuhbadi,nobody  
Numba,Number  
paas,past  
paat,part  
paati,party  
Palaava,palaver  
pan,"On, on  "
pan di,on the  
Panganat,Pomegranate  
Pap chow,Bok Choy  
pap dung,broken down  
Papining,happening  
Par,hang out  
Parri,Friend  
Passa Passa,"Chat, converse or gossip.  "
Patan,Flow / Style  
Patois,Jamaican Patois (also known as “Patwa” or “Patwah”) is the language that is spoken by most Jamaicans. Jamaican Patois is a combination of an English based Creole language and West African based languages. Jamaican Creole came into existence as a medium for the slaves and their masters to communicate.
Patoo,Owl  
Patwa,Patois  
Patwah,Patois  
Pawdie,Homie  
Paypa,money / paper  
Peacock hide him foot wen him,The Peacock hides his foot when he hears about his tail.  
Pear,Avocado  
Peenie wallie,"Firefly, Firefly  "
picha,picture  
Pickeney,Child  
Pickney,"kid, child or children, Child or children, children, Child  "
pickney dem,kids  
Picky Picky,Finicky  
Picky Picky Head,Messy Hair  
pikcha,picture  
Pissin Tail,Worthless  
pokey,coochie  
Politricksters,Politicians  
Polytricks,Politics  
pon,on  
Pon di ting,On the thing  
pon mi,on me  
Pop dung,Broken down  
Pop style,show off  
Pop up,Break  
Poppy show,"Derived from the term “puppet show”, this term is often used to ridicule someone because they have done something idiotic."
Pose,Suppose  
poto poto,Mud or muddy  
powa,power  
powda,powder  
Pree,"watch, Watch, Check Out  "
prekeh,A tragedy /Calamity
Prento,Novice  
Priahs,Prayers  
problem dem,problems  
Proppa,Proper  
Prospah,prosper  
Prouda,proud of  
Puh dung,Put down  
Pull up,Start over / Rewind  
Pum pum,"Vagina, vaginia, Vagina  "
Pum Pum Shorts,Extremely short shorts that barely covers a woman’s buttocks and clearly shows the outline of her vagina (pum pum). These shorts are short enough to be panties.
Pum Pum tun down,YUh p**sy smell like jones beach  
Pum pum tun up,"P**sy tight, P**sy good, P**sy is good  "
Pums,Coochie  
Punaani Printer,Shorts that are so tight and short that you can clearly see the vagina outline of the woman that is wearing it. The literal translation is “p**sy printer”.
Punash,Cunt  
Pupa,Father  
Puppa Jesus,Jesus Christ  
Puss an dawg nuh ave di same l,Cats and dogs do not have the same type of luck  
Sachiz,Sausage  
Sah,sir  
Sakeah,Because of or owing to.  
Salt,bad lucky  
Same suh,The same way  
Same ting weh tick sheep tick,The same thing that pricks a sheep will prick a goat  
Samfy Man,Con Man  
Sapps,A manstress or male paramour  
saps,"easy, easy  "
Satday,Saturday  
Sawf,Soft  
Sawkka sawkka,Cut through or have sex.  
Sawta,Sort of  
Scatta,Scatter  
Science,Black Magic  
Scornful dawg nyam dutty puddi,Scornful dog eats a dirty pudding  
Screw,Frown  
Screw Face,Scowling face  
Sea puss,Octopus  
sed,same  
Sedway,Same way  
See an blind hear an deaf,"See but be blind to it,  hear it but be deaf to it.  "
See an blind Hear an def,"See and blind, hear and deaf  "
Seed bag,Ball sack  
seen,understood  
Seet,see it  
Seet deh,There it is  
seet it ova deh suh,It is over there  
Seet yah,Here it is  
Seh,"says, Said, That, say, say  "
seh feh,Similar in meaning to “say something to me if you dare”. The literal translation is “say feh”.
Sekkle,Settle  
sekkle yuhself,Settle yourself / Humble yourself  
Selectah,D.J.  
Sell off,"Slang term for expression of approval, normally used to denote that something is very nice or very good. This term is also used to state that the desired effect of an activity has been achieved."
sen,"send, sent  "
Senseh Fowl,Chicken  
shakey,odd  
Shawt,Short  
Sheara,Shearer  
Sheg Up,messed up / ruined  
Shell,To bombard  
Shell dung,take by storm  
Shella,attacker  
Shi,She  
Shine eye gal,Gold digger  
Shine head,Bald head  
Shitstem,Corrupt System  
Shoes alone know if the stocki,Shoes alone know if the stocking have holes.  
shoob,shove  
Shot a buss,Gunshots are firing  
Shot yuh a bax,A quick slap (usually to the face)  
Shotta,"Criminal, killer or murderer., Gangster  "
shoulda,shoulder  
Shub,Shove  
Shud,should  
shudn,shouldn't  
Shuub,"Push or Shove; throw (out), Shove  "
Si,"seen, See  "
Si dem deh,There they are  
Si mi yah,See me here  
Sick inna him head,"Crazy, loco, ridiculous."
Sick inna im head,Mad Or Crazy  
Siddung,"sit down, Sit down  "
Sidung,sit  
Siiick,Awesome / Entertaining 
Sinkle Bible,Aloe Vera 
Sinting,"Something,Something,Something "
sipple,slippery /slimy 
Sistah,Sister 
Sistren,Ladies 
sizzas,scissors 
Skanking,"A form of dancing originating in Jamaica, now most notably done in Ska/Reggae shows.  "
Skatta,scatter 
Sketel,"Prostitute or Golddigger,Slut "
skin dem teeth,smile 
Skin Teeth,Smile 
Skin Up,No remorse 
Skinout,Slang expression for when a female open her legs wide apart (either nude or scantily clad) which results in her exposing her vulva.
Skool,School 
Skoolah,schooler 
Skylark,Idle 
Slabba,Fatso 
Slabby,chubby 
Slack,Lewd 
Slackness,"bad things, misbehavior "
Slam,"Smash,Sex "
Slap,"Slang term normally used by males interchangeable for the word “sex”., Lick"
Sleep hab no massa,Sleep has no master. 
slimmaz,Slim Girl 
Smaddy,Somebody 
Small up yuhself,Make room 
Smdh,Shake my damn head 
Smell green,Reek 
Smh,Shaking my head 
Sml,Smile 
Smlz,Smiles 
so cow a grow so him nose hole,"The more a cow grows, the more it's nostrils opens "
So mi like it,That's how I like it 
So so,Only 
Sometimish,Moody 
Soon come,Be there soon 
Soon Forward,I'll be there soon 
Sort out,"Good sex, Bang "
Soun,"sound, sounds "
Sound boy,"Sound boy, Disc Jockey "
Sound bwoy,Music DJ 
Sound System,"A huge mobile disco used to keep street parties in Jamaica. A sound system normally consist of Djs, turntables and huge speakers."
Sowah,"Sour,Sour "
Speaky Spokey,When a Jamaican tries to speak in an American or British accent (but usually result in a poor attempt) .
Spliff,marijuana cigarette 
Splurt,Split 
Squaddie,Police Officer 
Squaddy,Police Officer 
Squat,A dance 
staat,"started,start "
Stakki,"Mad person or demented,Mad person "
Stamina Daddy,Stallion 
Stamma,Stammer / stutter 
stan,stand 
Star,Dude 
Star bwoy,"Celebrity, Famous "
Stay pon cow back and cuss cow,On a cow's back yet cursing the cow 
Stg,Swear to God 
Stranger nuh know where di dee,A stranger does not know where the deep is 
Stullesha,Female Lover (Popularised by Mavado)
Stush,Stuck up 
Style,To disrespect or underrate
Suck Unu Madda,Suck your mothers 
Suck yuh madda,Suck your mother 
Taak,"speak, Talk  "
Taament,Torment  
tab,stab  
tagereg,a hardened criminal  
Talk di tings dem,Expose everything  
Tallawah,strong or fearless  
Tam,beanie  
Tambrin,Tamarind  
tampi,Marijuana or weed  
Tan,Stay  
Tan a yuh yaad,Stay at home  
Tan deh,Stay there  
Tan Pon It Long,Slang expression for saying that a man has strong sexual prowess; his sexual performance is spectacular and he is capable of having sex for a very long time. The literal translation of this term is “stay on it long”.
Tan up,Stand Up  
tangalang,To pick up or carry something.  
tank,thank  
Tanks,Thanks  
Tap,"top, Stop  "
Tap a di tap,Boss  
tawk up di tings dem,Say them as they are.  
Taylah,Tailor  
Tayse,Taste  
Teacha,Teacher  
Teet,Teeth  
tegareg,"someone of no class, uncouth, a hooligan  "
Teif,Thief  
Tek,"takes, taken, took, Take  "
tek baaskit cyaary waata,Use a basket to carry water  
tek di miggle,take the middle.  
Tek liberty Wid,"Disrespect someone, to be rude to another."
Tek mi fi eediat,Take me for an idiot  
Tek milk out a cawfe,Take milk out of a calf  
Tek time,Take your time  
Tek Weh,Take away  
Tek weh yuself,Take away yourself  
Tekeisha,"A greedy woman or exploiter; She is only interested in a man for is his money, even if she has just met him."
Tenement yard,Housing area that is generally poor or undeveloped.
tenky massa,A gift or present.  
Tess,Test  
Thrue,because  
Thursdeh,Thursday  
Tiad,"tired, tired  "
Tichi,Tiny insects  
Tichibu,A firefly  
Tidday fi me tomorrow fi you,"Today is for me, tomorrow is for you  "
Tie,The act of trapping someone in a romantic relationship using a Jamaican dark magic called obeah. This type of sorcery is practice mostly by women in order to keep their partners in a relationship because of financial or other perceived benefits.
Time longa dan rope,Time is longer than a rope  
Ting,Thing  
tings,"stuff, things  "
Tings a gwaan,Conflict  
Tink,"thinks, think, Stink  "
Titi,Tities  
Tiya,Tire  
To how,The way  
Todeh,Today  
Togedda,Together  
tong,tongue  
tonite,tonight  
too faas,too nosy
Too much sidung bruk breeches,Sitting down too much wears out one’s trousers  
Tool,Gun  
Topanoris,Rich Snob  
Touch di road,Going out  
Touch dung,Arrive  
Tpc,What the f*ck!  
waah,"wanted, wants, want  "
waah fi,wanna  
Waak,Walk  
waam,"warm, warm  "
Waan,"Want, Want  "
Wacha,Look here  
Wadada,Love  
waga waga,A fat or obsessed person.  
Waggonist,bandwagon  
Wah,What  
Wah bout yuh Wah deh gwaan,"How about you, How are you doing?  "
Wah day,"the other day, The other day  "
Wah deh,what's  
Wah deh gwaan,"What's happening?, What's going on?  "
Wah deh gwaan wid yuh,What's going on with you?  
wah dem a guh duh,"what will they do, what will they do  "
Wah di rass,What the f**k  
Wah do dem,"what's wrong with them, What’s wrong with them  "
Wah drap offa head drap pan s,"What drops off of the head, drops on the shoulder  "
Wah Gwaan,"What's going on, What's up, What's going on, What’s going on  "
Wah gwaan bad a mawnin cyaan,What went wrong in the morning cannot be remedied in the evening.  
Wah kine a muzik yuh like,What music do you like?  
Wah mek,Why  
Wah sweet nanny goat ago run h,What tastes good to a goat will later upset his stomach  
Wah yah seh,What are you saying  
wah you deh pon everything bal,what are you up to? Is everything OK?  
Wah yuh a duh,"What are you doing?, What are  you doing?  "
Wah yuh a gwaan wid,What have you been up to?  
Wah yuh ah duh,What are you doing  
wah yuh deh pon,what have you been up to  
Wah yuh like fi duh,What do like to do?  
Wah yuh name,What's your name?  
Wahm,What happened  
Wahm,what happen  
Walk Good,Take care  
walk pass,By passers  
Wan yai man ah king inna blind,Be where you will be appreciated and respected.  
Wanga gut,Gluttonous / Greedy  
Wash belly,Youngest child  
Wash out,Detox  
Wasteman,Worthless person  
Wat a guh dung,"What's happening, What's happening?  "
Wat a gwaan,what is going on  
Wata,"water, Water, Water  "
Wata more than flour,There is more water than flour  
Wbu,What about you  
Wednesdeh,Wednesday  
Weed head,Pot head / Stoner  
weed jam,weed group  
Week dem,weeks  
Weh,"where's, Where  "
Weh dat fah,What’s that for?  
Weh dem deh,where are they?  
Weh di gate deh,Where is the gate?  
Weh di restaurant deh,Where is the restaurant?  
Weh mi fi cum aff,Where should I get off?  
weh we a go do,What are we going to do?  
Weh yah guh,Where are you going?  
Weh you ah duh,what are you doing?  
Weh yuh ah deal wid,What are you up to?  
Weh yuh ah seh,How are you doing?  
Weh yuh cum fram,Where are you from?  
Weh yuh deh,"Where are you?, where are you  "
Weh yuh deh pon,What are you up to?  
Weh yuh seh,What did you say?
