creole_word,word,creole name
fé (sô)  lapriyè,"say (one's) prayers, pray",Louisiana Creole
pa-d-kwa,phryou're welcome,Louisiana Creole
fé sô nidé,make up one's mind,Louisiana Creole
alon,let's,Louisiana Creole
fé (sô)  dévwa,do one's homework,Louisiana Creole
fé (sô)  ménaj,do one's chores,Louisiana Creole
zafær,zanan,Louisiana Creole
jœn,young,Louisiana Creole
enkòr,yet,Louisiana Creole
yær,yesterday,Louisiana Creole
jonn,yellow,Louisiana Creole
"hélé, hèl","yell,shout",Louisiana Creole
(l) ané,year,Louisiana Creole
(z) an,year (for counting age),Louisiana Creole
(la) kour,yard,Louisiana Creole
ékri,write,Louisiana Creole
vo,worth,Louisiana Creole
vo,worth,Louisiana Creole
"trakasé, trakas",worry,Louisiana Creole
(dé) vær,worm,Louisiana Creole
louvraj,work,Louisiana Creole
ouvraj,work,Louisiana Creole
travay,work,Louisiana Creole
"travayé, travay",work,Louisiana Creole
paròl,word,Louisiana Creole
dibwa,"wood,woods",Louisiana Creole
dibwa,"wood,woods",Louisiana Creole
fenm,"woman,wife",Louisiana Creole
fenm,"woman,wife",Louisiana Creole
san,without,Louisiana Creole
avèk,with,Louisiana Creole
avèk,with,Louisiana Creole
fil,"wire,string",Louisiana Creole
fil,"wire,string",Louisiana Creole
livær,winter,Louisiana Creole
divin,wine,Louisiana Creole
(la) finèt,window,Louisiana Creole
(la) finèt,window,Louisiana Creole
diven,wind,Louisiana Creole
"ganñé, ganñ","win,earn",Louisiana Creole
"fònné, fònn",wilt,Louisiana Creole
sol,willow tree,Louisiana Creole
faroush,"wild,untamed",Louisiana Creole
kòfær,why,Louisiana Creole
ki,"who,what,that (in relative clauses)",Louisiana Creole
ki,"who,what,that (in relative clauses)",Louisiana Creole
blanshi,whitewash,Louisiana Creole
blanshi,whitewash,Louisiana Creole
blan,white,Louisiana Creole
blan,white,Louisiana Creole
"siflé, sif",whistle,Louisiana Creole
wiski,whiskey,Louisiana Creole
tandi,while,Louisiana Creole
kèl,"which,what",Louisiana Creole
kèl,"which,what",Louisiana Creole
éyou,where,Louisiana Creole
éyou,where,Louisiana Creole
ékan,when,Louisiana Creole
kan,when,Louisiana Creole
kwa,what,Louisiana Creole
ça...?,what...?,Louisiana Creole
kèl...?,what...?,Louisiana Creole
ki ça...?,what...?,Louisiana Creole
ki çé...?,what...?,Louisiana Creole
ki...?,what...?,Louisiana Creole
kèl...?,what...?,Louisiana Creole
"mouyé, mouy","wet,rain",Louisiana Creole
wès,west,Louisiana Creole
lougarou,werewolf,Louisiana Creole
fin-lasmèn,weekend,Louisiana Creole
fin-lasmèn,weekend,Louisiana Creole
(la) smènn,week,Louisiana Creole
mærkrédi,Wednesday,Louisiana Creole
tem,"weather,time",Louisiana Creole
fèb,weak,Louisiana Creole
fèb,weak,Louisiana Creole
mòyær,"way (of doing),kinda",Louisiana Creole
dolo,water,Louisiana Creole
"gèté, gèt","watch,look at",Louisiana Creole
djèp,wasp,Louisiana Creole
aværti,warn,Louisiana Creole
aværti,warn,Louisiana Creole
olé,want,Louisiana Creole
ve,want,Louisiana Creole
(la) miray,wall,Louisiana Creole
"marshé, marsh",walk,Louisiana Creole
"marshé, marsh",walk,Louisiana Creole
"spéré, èspær",wait,Louisiana Creole
èspær (pou) ,wait (for),Louisiana Creole
èspær (pou) ,wait (for),Louisiana Creole
vwayaj,"voyage,trip",Louisiana Creole
vwayaj,"voyage,trip",Louisiana Creole
vou,vouzòtzòt,Louisiana Creole
vou,vouzòtzòt,Louisiana Creole
vomi,vomit,Louisiana Creole
vomi,vomit,Louisiana Creole
"rèshté, rèshèt","vomit,throw up",Louisiana Creole
(la) vwa,voice,Louisiana Creole
(la) vwa,voice,Louisiana Creole
"vizité, vizit",visit (person or place),Louisiana Creole
"vizité, vizit",visit (person or place),Louisiana Creole
vyolèt,"violet (flower),violet (color)",Louisiana Creole
vyolèt,"violet (flower),violet (color)",Louisiana Creole
vinég,vinegar,Louisiana Creole
vidyo,video,Louisiana Creole
jardinaj,vegetables,Louisiana Creole
itil,useful,Louisiana Creole
abichud,used to,Louisiana Creole
"izé, iz",use,Louisiana Creole
"særvi, sær",use,Louisiana Creole
"ménajé, ménaj","use sparingly,economize",Louisiana Creole
"ménajé, ménaj","use sparingly,economize",Louisiana Creole
Létazini,USA,Louisiana Creole
"boulværsé, boulværs","upset,change suddenly",Louisiana Creole
enlær,"up,on,above",Louisiana Creole
jiska,until,Louisiana Creole
inik,unique,Louisiana Creole
malèrèzmen,unfortunately,Louisiana Creole
kalçon,underwear,Louisiana Creole
komprenn,understand,Louisiana Creole
nonk,uncle,Louisiana Creole
nonk,uncle,Louisiana Creole
lèd,ugly,Louisiana Creole
koundjay,type of dance,Louisiana Creole
dé,two,Louisiana Creole
branshaj,"twigs,kindling",Louisiana Creole
vin,twenty,Louisiana Creole
vin-dé,twenty-two,Louisiana Creole
vint-é-ènn,twenty-one,Louisiana Creole
douz,twelve,Louisiana Creole
"tòrné, tòrn",turn,Louisiana Creole
"tòrné, tòrn",turn,Louisiana Creole
sòrti salé,turn out bad,Louisiana Creole
fé zan,turn (an age),Louisiana Creole
mardi,Tuesday,Louisiana Creole
"séyé, séy",try,Louisiana Creole
tròs,trust,Louisiana Creole
vré,TRUE,Louisiana Creole
vré,TRUE,Louisiana Creole
tròk,truck,Louisiana Creole
narb,tree,Louisiana Creole
trézòr,treasure,Louisiana Creole
rodayœr,traveller,Louisiana Creole
"vwayajé, vwayaj",travel,Louisiana Creole
"vwayajé, vwayaj",travel,Louisiana Creole
"rodayé, roday","travel on the road,roam,gallivant",Louisiana Creole
"trènné, trènn","trail,drag",Louisiana Creole
vilaj,town,Louisiana Creole
mal-o-den,toothache,Louisiana Creole
den,tooth,Louisiana Creole
zouti,tool,Louisiana Creole
tro,too,Louisiana Creole
aswa,tonight,Louisiana Creole
aswa,tonight,Louisiana Creole
tomat,tomato,Louisiana Creole
tomat,tomato,Louisiana Creole
komod,toilet,Louisiana Creole
ensenm,together,Louisiana Creole
zòrtèy,toe,Louisiana Creole
jòrdi,today,Louisiana Creole
taba,tobacco,Louisiana Creole
krapo,toad,Louisiana Creole
fwa,time,Louisiana Creole
tig,tiger,Louisiana Creole
tig,tiger,Louisiana Creole
tikèt,ticket,Louisiana Creole
tikèt,ticket,Louisiana Creole
jédi,Thursday,Louisiana Creole
tònær,thunder,Louisiana Creole
tònær,thunder,Louisiana Creole
"garoshé, garòsh",throw,Louisiana Creole
"jété, jèt","throw,get rid of",Louisiana Creole
fé sosyété,throw a party,Louisiana Creole
trò,three,Louisiana Creole
mil,"thousand,mile",Louisiana Creole
trent,thirty,Louisiana Creole
trent-é-ènn,thirty-one,Louisiana Creole
trèz,thirteen,Louisiana Creole
swaf,thirsty,Louisiana Creole
"pensé, pens",think,Louisiana Creole
"pensé, pens",think,Louisiana Creole
"jonglé, jong (pou/enho/apré) ",think about,Louisiana Creole
kishòj,"thing,something",Louisiana Creole
dri,"thick (with),heavy",Louisiana Creole
la,"there,here,then",Louisiana Creole
nora,there will be,Louisiana Creole
nora,there will be,Louisiana Creole
inavé,there was/were,Louisiana Creole
ina,there is/are,Louisiana Creole
pi,then,Louisiana Creole
pi,then,Louisiana Creole
ofon,the bottom,Louisiana Creole
ke,"than,that",Louisiana Creole
ke,"than,that",Louisiana Creole
Tèksas,Texas,Louisiana Creole
dis,ten,Louisiana Creole
"montré, mont","teach,show",Louisiana Creole
dité,tea,Louisiana Creole
"gouté, gou",taste,Louisiana Creole
"gouté, gou",taste,Louisiana Creole
prenn,take,Louisiana Creole
"oté, ot","take off,remove",Louisiana Creole
(la) ké,tail,Louisiana Creole
(la) ké,tail,Louisiana Creole
(la) tab,table,Louisiana Creole
siro,"syrup,womanizer",Louisiana Creole
"najé, naj",swim,Louisiana Creole
"bèñé, bèñ","swim,bathe",Louisiana Creole
"bèñé, bèñ","swim,bathe",Louisiana Creole
dou,sweet,Louisiana Creole
patat dous,sweet potato,Louisiana Creole
patat dous,sweet potato,Louisiana Creole
"balé, bal",sweep,Louisiana Creole
swé,sweat,Louisiana Creole
fé særmen,swear,Louisiana Creole
særmen,"swear,promise",Louisiana Creole
sipriyær,"swamp,cypress swamp",Louisiana Creole
étòné,surprised,Louisiana Creole
étòné,surprised,Louisiana Creole
nom-d-famiy,surname,Louisiana Creole
nom-d-famiy,surname,Louisiana Creole
sûr,"sure,certain",Louisiana Creole
sipozé (pou) ,supposed to,Louisiana Creole
"sipozé, sipòz",suppose,Louisiana Creole
soupé,supper,Louisiana Creole
supærb,"super,wonderful",Louisiana Creole
soléy-koushé,sunset,Louisiana Creole
soléy-lévé,sunrise,Louisiana Creole
patasa,sunfish,Louisiana Creole
patasa,sunfish,Louisiana Creole
dimansh,Sunday,Louisiana Creole
soléy,sun,Louisiana Creole
lété,summer,Louisiana Creole
(dé) kann,sugarcane,Louisiana Creole
disik,sugar,Louisiana Creole
"sisé, sis",suck,Louisiana Creole
tèl,such,Louisiana Creole
bèt,"stupid,animal",Louisiana Creole
bèt,"stupid,animal",Louisiana Creole
"étidyé, étidi",study,Louisiana Creole
"étidyé, étidi",study,Louisiana Creole
étidyan,student,Louisiana Creole
étidyan,student,Louisiana Creole
fòr,"strong,loud",Louisiana Creole
(la) pay,"straw,husk",Louisiana Creole
(la) pay,"straw,husk",Louisiana Creole
stov,stove,Louisiana Creole
listwar,story,Louisiana Creole
boutik,store,Louisiana Creole
sto,store,Louisiana Creole
"arété, arèt",stop,Louisiana Creole
"arété, arèt",stop,Louisiana Creole
vent,"stomach,belly",Louisiana Creole
mal-o-vent,stomach ache,Louisiana Creole
stìl,still,Louisiana Creole
pikan,"sticker,thorn",Louisiana Creole
pikan,"sticker,thorn",Louisiana Creole
baton,stick,Louisiana Creole
"étoufé, étouf","stew,smother",Louisiana Creole
"étoufé, étouf","stew,smother",Louisiana Creole
"rèsté, rès","stay,remain,habitate,live,dwell",Louisiana Creole
fé lougarou,stay out late gallivanting,Louisiana Creole
léta,state,Louisiana Creole
"komensé, komens","start,begin",Louisiana Creole
létwal,star,Louisiana Creole
débout,"standing,awake",Louisiana Creole
lèskalyé,"stairs,staircase",Louisiana Creole
"baloté, balot",stagger,Louisiana Creole
kiréy,squirrel,Louisiana Creole
printem,spring,Louisiana Creole
kiyær,spoon,Louisiana Creole
"patouyé, patouy",splash around,Louisiana Creole
"patouyé, patouy",splash around,Louisiana Creole
"krashé, krash",spit,Louisiana Creole
lèspri,"spirit,intelligence",Louisiana Creole
spìnn,spin records,Louisiana Creole
zaryin,spider,Louisiana Creole
épis,spice,Louisiana Creole
épis,spice,Louisiana Creole
pimenté,"spice,spicy,spiced",Louisiana Creole
"parlé, parl",speak,Louisiana Creole
spañol,Spanish,Louisiana Creole
Lèspañol,"Spanish (language),Spaniard",Louisiana Creole
Spañol,Spaniard,Louisiana Creole
"sinmé, sinm",sow,Louisiana Creole
sidès,southeast,Louisiana Creole
sid,south,Louisiana Creole
(la) soup,soup,Louisiana Creole
namm,soul,Louisiana Creole
dézolé,sorry,Louisiana Creole
dézolé,sorry,Louisiana Creole
shagrin,"sorry,sad",Louisiana Creole
shagrin,"sorry,sad",Louisiana Creole
talœr,soon,Louisiana Creole
shanson,song,Louisiana Creole
shanson,song,Louisiana Creole
bo-fis,son-in-law,Louisiana Creole
bo-fis,son-in-law,Louisiana Creole
kèk plas,somewhere,Louisiana Creole
kèk plas,somewhere,Louisiana Creole
défwa,sometimes,Louisiana Creole
kèk zafær,something,Louisiana Creole
kèk zafær,something,Louisiana Creole
dê,some,Louisiana Creole
kèk,some,Louisiana Creole
kèk,some,Louisiana Creole
sofa,"sofa,couch",Louisiana Creole
ça-fé,so,Louisiana Creole
pokapok,so-so,Louisiana Creole
tan,"so many,so",Louisiana Creole
si tèlmen,"so (to emphasize an adjective),so much,so many",Louisiana Creole
(la) nèj,snow,Louisiana Creole
"néjé, nèj",snow,Louisiana Creole
"étærné, étærn",sneeze,Louisiana Creole
"étærné, étærn",sneeze,Louisiana Creole
kawènn,snapping turtle,Louisiana Creole
kawènn,snapping turtle,Louisiana Creole
(la) boukònn,smoke,Louisiana Creole
"fimé, fimm",smoke tobacco,Louisiana Creole
"fimé, fimm",smoke tobacco,Louisiana Creole
boukònné,"smoke (meat),smoked",Louisiana Creole
smat,smart,Louisiana Creole
piti,"small,little",Louisiana Creole
ti,"small,little",Louisiana Creole
dousmen,"slow,slowly",Louisiana Creole
(la) gli,slime,Louisiana Creole
(la) gli,slime,Louisiana Creole
"dòrmi, dòr",sleep,Louisiana Creole
syèl,"sky,heaven",Louisiana Creole
(la) po,skin,Louisiana Creole
swasant,sixty,Louisiana Creole
swasant-é-ènn,sixty-one,Louisiana Creole
sèz,sixteen,Louisiana Creole
sis,six,Louisiana Creole
asit,sit,Louisiana Creole
asit,sit,Louisiana Creole
sœr,sister,Louisiana Creole
bèl-sœr,sister-in-law,Louisiana Creole
bèl-sœr,sister-in-law,Louisiana Creole
"shanté, shant",sing,Louisiana Creole
"shanté, shant",sing,Louisiana Creole
nòtis,sign,Louisiana Creole
nòtis,sign,Louisiana Creole
siñ,sign,Louisiana Creole
malad,sick,Louisiana Creole
pé,"shut up,quiet",Louisiana Creole
pé,"shut up,quiet",Louisiana Creole
shevrèt,shrimp,Louisiana Creole
shevrèt,shrimp,Louisiana Creole
zépol,shoulder,Louisiana Creole
kout,short,Louisiana Creole
soulyé,shoes,Louisiana Creole
"shiyé, shiy",shit,Louisiana Creole
"shiyé, shiy",shit,Louisiana Creole
shimij,shirt,Louisiana Creole
shimij,shirt,Louisiana Creole
batimen,ship,Louisiana Creole
"briyé, briy",shine,Louisiana Creole
(l) abri,shelter,Louisiana Creole
kokiy,shell,Louisiana Creole
mouton,sheep,Louisiana Creole
"brizé, briz",shatter,Louisiana Creole
"partajé, partaj",share,Louisiana Creole
"partajé, partaj",share,Louisiana Creole
hont,shame,Louisiana Creole
domaj,"shame,damage",Louisiana Creole
(l) ombraj,shade,Louisiana Creole
swasant-dis,seventy,Louisiana Creole
swasant-onz,seventy-one,Louisiana Creole
dis-sèt,seventeen,Louisiana Creole
sèt,seven,Louisiana Creole
sèptemb,September,Louisiana Creole
"voyé, vòy","send,throw",Louisiana Creole
"voyé, vòy","send,throw",Louisiana Creole
venn,sell,Louisiana Creole
gin lè,"seem,appear",Louisiana Creole
senm,"seem,appear,look like",Louisiana Creole
"sharshé, sharsh","seek,look for",Louisiana Creole
"sharshé, sharsh","seek,look for",Louisiana Creole
grènn,seed,Louisiana Creole
grènn,seed,Louisiana Creole
war,see,Louisiana Creole
dèzyèm,second,Louisiana Creole
dèzyèm,second,Louisiana Creole
(la) sézon,season,Louisiana Creole
"sézonné, sézonn","season,seasoned",Louisiana Creole
"graté, grat",scratch,Louisiana Creole
"graté, grat",scratch,Louisiana Creole
lékòl,school,Louisiana Creole
di,"say,tell",Louisiana Creole
di,"say,tell",Louisiana Creole
"sové, sov",save,Louisiana Creole
sosis,sausage,Louisiana Creole
(la) sòs,sauce,Louisiana Creole
sanmdi,Saturday,Louisiana Creole
sasafra,sassafras,Louisiana Creole
paréy,"same,similar",Louisiana Creole
minm,"same,even",Louisiana Creole
salé,"salt,salted",Louisiana Creole
(la) salad,salad,Louisiana Creole
tris,sad,Louisiana Creole
rouyé,"rusted,rusty",Louisiana Creole
rouyé,"rusted,rusty",Louisiana Creole
"galopé, galòp","run,manage",Louisiana Creole
korish,rooster,Louisiana Creole
(la) sal,room,Louisiana Creole
shanm,"room,bedroom",Louisiana Creole
shanm,"room,bedroom",Louisiana Creole
twa,roof,Louisiana Creole
roti,"roast,grill",Louisiana Creole
roti,"roast,grill",Louisiana Creole
shmin,"road,path",Louisiana Creole
(la) rivyær,river,Louisiana Creole
mir,ripe,Louisiana Creole
drwa,right,Louisiana Creole
gin rézon,right,Louisiana Creole
drèt-la,"right here,right then",Louisiana Creole
adrwa,right (direction),Louisiana Creole
"monté, mont",ride,Louisiana Creole
diri,rice,Louisiana Creole
"(ré) pozé, poz","rest,relax (sometimes reflexive)",Louisiana Creole
rèspé,respect,Louisiana Creole
"rèspèkté, rèspèk",respect,Louisiana Creole
répons,"répozé, répozpozé, poz",Louisiana Creole
"loué, lou",rent,Louisiana Creole
"raplé, rapèl",remember,Louisiana Creole
rémèd,"remedy,medicine",Louisiana Creole
glasyær,refrigerator,Louisiana Creole
glasyær,refrigerator,Louisiana Creole
paré,ready,Louisiana Creole
lir,read,Louisiana Creole
ra,rat,Louisiana Creole
rar,rare,Louisiana Creole
"èlvé, (è) lèv","raise,grow",Louisiana Creole
(la) pli,rain,Louisiana Creole
(la) ras,race,Louisiana Creole
shawi,raccoon,Louisiana Creole
shawi,raccoon,Louisiana Creole
kèstyon,question,Louisiana Creole
kèstyon,question,Louisiana Creole
mèt,"put,put on",Louisiana Creole
mèt,"put,put on",Louisiana Creole
"pousé, pous","push,grow",Louisiana Creole
pur,pure,Louisiana Creole
to,proyou (subject),Louisiana Creole
to,proyou (subject),Louisiana Creole
(vou) zòt,proyou (plural) (subject and object),Louisiana Creole
twa,proyou (object),Louisiana Creole
"no, nouzòt",prowe (subject),Louisiana Creole
"nou, nouzòt",prous (object),Louisiana Creole
"nou, nouzòt",prous (object),Louisiana Creole
fyær,proud,Louisiana Creole
yé,prothey (subject and object),Louisiana Creole
ça,"prothat,what,it,they",Louisiana Creole
"protéjé, protèj",protect,Louisiana Creole
kèkènn,prosomeone,Louisiana Creole
kèkènn,prosomeone,Louisiana Creole
kèkènn dòt,prosomeone else,Louisiana Creole
kèkènn dòt,prosomeone else,Louisiana Creole
èl,"proshe,her (object and subject pronoun)",Louisiana Creole
-minm,"proreflexive pronoun,-self",Louisiana Creole
promèt,promise,Louisiana Creole
mò,prome (object),Louisiana Creole
mo,proI (subject),Louisiana Creole
li,"prohe,she,it",Louisiana Creole
ap(é) ,progressive marker,Louisiana Creole
ap(é) ,progressive marker,Louisiana Creole
"avansé, avans",progress,Louisiana Creole
"avansé, avans",progress,Louisiana Creole
traka,"problem,trouble",Louisiana Creole
prizon,prison,Louisiana Creole
"pèshé, pèsh","prevent,fish,sin",Louisiana Creole
"pèshé, pèsh","prevent,fish,sin",Louisiana Creole
joli,"pretty,beautiful",Louisiana Creole
jolimen,"pretty much,essentially,basically",Louisiana Creole
enfamiy,pregnant,Louisiana Creole
vo myé,"prefer,would be better",Louisiana Creole
vo myé,"prefer,would be better",Louisiana Creole
"priyé, priy",pray,Louisiana Creole
pléri,prairie,Louisiana Creole
(la) poud,"powder,dust,gunpowder",Louisiana Creole
patat,"potato,sweet potato",Louisiana Creole
patat,"potato,sweet potato",Louisiana Creole
shodyær,"pot,pan",Louisiana Creole
ra-d-bwa,possum,Louisiana Creole
(la) galri,porch,Louisiana Creole
taktak,popcorn,Louisiana Creole
maléré,"poor,unfortunate,sad",Louisiana Creole
kaka,poop,Louisiana Creole
kròt,poop,Louisiana Creole
polis,police,Louisiana Creole
plézir,pleasure,Louisiana Creole
"joué, jou",play,Louisiana Creole
pla,"plate,dish (of food)",Louisiana Creole
plant,plant,Louisiana Creole
"planté, plant",plant,Louisiana Creole
plènn,plain,Louisiana Creole
plas,"place,space",Louisiana Creole
foursh,pitchfork,Louisiana Creole
roz,pink,Louisiana Creole
roz,pink,Louisiana Creole
koshon,pig,Louisiana Creole
pay,pie,Louisiana Creole
pay,pie,Louisiana Creole
pòrtré,"picture,photo,movie",Louisiana Creole
ifo,phrneed to (do something),Louisiana Creole
Bonn fèt!,phrHappy birthday!,Louisiana Creole
Bonn fèt!,phrHappy birthday!,Louisiana Creole
Insiswatil,phrAmen,Louisiana Creole
fonn,phone,Louisiana Creole
fò,pho (Vietnamese soup),Louisiana Creole
fò,pho (Vietnamese soup),Louisiana Creole
moun,person,Louisiana Creole
plakminn,persimmon,Louisiana Creole
pimen,pepper (vegetable),Louisiana Creole
pélikan,pelican,Louisiana Creole
pélikan,pelican,Louisiana Creole
pipi,pee,Louisiana Creole
pakònn,pecan,Louisiana Creole
(dé) pwar,pear,Louisiana Creole
trankil,"peaceful,quiet,calm",Louisiana Creole
"péyé, péy",pay,Louisiana Creole
"péyé, péy",pay,Louisiana Creole
(la) pat,"paw,leg or foot (of animal)",Louisiana Creole
(la) pat,"paw,leg or foot (of animal)",Louisiana Creole
té,"past marker,was",Louisiana Creole
"pasé, pas","pass,pass away",Louisiana Creole
"pasé, pas","pass,pass away",Louisiana Creole
paren,"parent,relative",Louisiana Creole
kilot,pants,Louisiana Creole
pantalon,pants,Louisiana Creole
gar-manjé,pantry,Louisiana Creole
(dé) zwit,oyster,Louisiana Creole
(dé) zwit,oyster,Louisiana Creole
ibou,owl,Louisiana Creole
fou,oven,Louisiana Creole
endéyòr,"outside,outside of",Louisiana Creole
kagou,out of sorts,Louisiana Creole
(dé) zòt,others,Louisiana Creole
dòt,other,Louisiana Creole
lòt,other,Louisiana Creole
zoranj,"orange (fruit),orange (color)",Louisiana Creole
ou,or,Louisiana Creole
"ouvri, ouvær",open,Louisiana Creole
kiki,onomhaha,Louisiana Creole
zònyon,onion,Louisiana Creole
in,"one,a(n)",Louisiana Creole
sur,on,Louisiana Creole
en,"on,in",Louisiana Creole
enho,"on,above",Louisiana Creole
dési,"on top,over",Louisiana Creole
dési,"on top,over",Louisiana Creole
vyé,old,Louisiana Creole
vyé,old,Louisiana Creole
févi,okra,Louisiana Creole
févi,okra,Louisiana Creole
klo lwil,oilfield,Louisiana Creole
lwil,oil,Louisiana Creole
souven,often,Louisiana Creole
a,"of,to,from,at",Louisiana Creole
oktòb,October,Louisiana Creole
(la) mær,ocean,Louisiana Creole
nwa,nut,Louisiana Creole
nwa,nut,Louisiana Creole
liméro/niméro,number,Louisiana Creole
tro bokou,"nphrtoo many,too much",Louisiana Creole
mèt-(d) -lékol/mèt,nphrteacher (male),Louisiana Creole
mèt-(d) -lékol/mèt,nphrteacher (male),Louisiana Creole
métrès,nphrteacher (female),Louisiana Creole
métrès,nphrteacher (female),Louisiana Creole
tèl-é-tèl,nphrsuch and such,Louisiana Creole
mal-lagòrj/mal-de-gòrj,nphrsore throat,Louisiana Creole
kilot kout,nphrshorts,Louisiana Creole
Dimansh Ramo,nphrPalm Sunday,Louisiana Creole
ti-bétay,"nphrinsect,bug",Louisiana Creole
Sammdi Sin,nphrHoly Saturday,Louisiana Creole
brilmen-lèstoma,nphrheartburn,Louisiana Creole
mal-latèt/mal-de-tèt,nphrheadache,Louisiana Creole
Vendrédi Sin,nphrGood Friday,Louisiana Creole
dolo ho,nphrflood,Louisiana Creole
toumoun,nphreveryone,Louisiana Creole
toumoun,nphreveryone,Louisiana Creole
toukèkunn,"nphreveryone,everybody",Louisiana Creole
toukèkunn,"nphreveryone,everybody",Louisiana Creole
népi-mayi,nphrear of corn,Louisiana Creole
baton-mayi,nphrcornstalk,Louisiana Creole
Mærkrédi-dê-Senn,nphrAsh Wednesday,Louisiana Creole
nimpòrt éyou,nphranywhere,Louisiana Creole
nimpòrt ki plas,nphranywhere,Louisiana Creole
nimpòrt ki zafær,nphranything,Louisiana Creole
nimpòrt kishòj,nphranything,Louisiana Creole
nimpòrt ki moun,nphranybody,Louisiana Creole
Tou-Sin,nphrAll Saints Day,Louisiana Creole
Tou-Sin,nphrAll Saints Day,Louisiana Creole
aprémidi,nphrafternoon,Louisiana Creole
aprémidi,nphrafternoon,Louisiana Creole
bout-d-tem,nphra while,Louisiana Creole
in ta,nphra lot,Louisiana Creole
ti brin,nphra little,Louisiana Creole
pa nil-plas,nowhere,Louisiana Creole
astœr,now,Louisiana Creole
astœr,now,Louisiana Creole
tem-zen-tem,"now and then,occasionally",Louisiana Creole
novemb,November,Louisiana Creole
novemb,November,Louisiana Creole
ariyin,nothing,Louisiana Creole
ariyin,nothing,Louisiana Creole
pa enkòr,not yet,Louisiana Creole
pa gran-shòj,not much,Louisiana Creole
fou pa mal,"['not care,"" not give a flyin' fiddlestick",Louisiana Creole
pa ditou,not at all,Louisiana Creole
nòr,north,Louisiana Creole
nòr,north,Louisiana Creole
midi,noon,Louisiana Creole
trin,"noise,train",Louisiana Creole
(pa)  pærsonn,no one,Louisiana Creole
katré-vin-dis,ninety,Louisiana Creole
katré-vin-dis,ninety,Louisiana Creole
diz-nèf,nineteen,Louisiana Creole
"nèf, nœf",nine,Louisiana Creole
koushmar,nightmare,Louisiana Creole
(la) nwit,night,Louisiana Creole
(la) nwit,night,Louisiana Creole
nyès,niece,Louisiana Creole
nyès,niece,Louisiana Creole
ti-nom,nickname,Louisiana Creole
ti-nom,nickname,Louisiana Creole
proshin,next,Louisiana Creole
nouvo,new,Louisiana Creole
nouvo,new,Louisiana Creole
Envil,New Orleans,Louisiana Creole
Envil,New Orleans,Louisiana Creole
Lavilvil,New Orleans,Louisiana Creole
Nouvèl-Òrléan,New Orleans,Louisiana Creole
Nouvèl-Òrléan,New Orleans,Louisiana Creole
jamé,"never,ever",Louisiana Creole
nik,nest,Louisiana Creole
névé,nephew,Louisiana Creole
vwazinaj,"neighborhood,vicinity",Louisiana Creole
vwazinaj,"neighborhood,vicinity",Louisiana Creole
vwazin,neighbor (male or female),Louisiana Creole
vwazin,neighbor (male or female),Louisiana Creole
vwazinn,neighbor (female),Louisiana Creole
vwazinn,neighbor (female),Louisiana Creole
pa,"negative marker,not",Louisiana Creole
bezwin,need,Louisiana Creole
bezwin,need,Louisiana Creole
kou,neck,Louisiana Creole
opré,nearby,Louisiana Creole
pròsh,"near,nearly,almost",Louisiana Creole
pré,"near,close",Louisiana Creole
ora,"near,around",Louisiana Creole
natirèl,natural,Louisiana Creole
singgo,nap,Louisiana Creole
nom,name,Louisiana Creole
klou,nail,Louisiana Creole
"klouyé, klou",nail,Louisiana Creole
(la) moutard,mustard,Louisiana Creole
moustash,mustache,Louisiana Creole
mizisyin,musician,Louisiana Creole
linstrumen,musical instrument,Louisiana Creole
(la) mizik,music,Louisiana Creole
milé,mule,Louisiana Creole
(la) bou,mud,Louisiana Creole
madamm,"Mrs.,"" ma'am, lady,wife",Louisiana Creole
misyé,"Mr.,sir,gentleman",Louisiana Creole
"grouyé, grouy","move,shake",Louisiana Creole
"déménajé, déménaj",move house,Louisiana Creole
(la) boush,mouth,Louisiana Creole
(la) djœl,mouth (informal),Louisiana Creole
montañ,mountain,Louisiana Creole
mær,mother,Louisiana Creole
bèl-mær,"mother-in-law,stepmother",Louisiana Creole
bèl-mær,"mother-in-law,stepmother",Louisiana Creole
maringwin,mosquito,Louisiana Creole
maringwin,mosquito,Louisiana Creole
pli(s) ,more,Louisiana Creole
(la) linn,moon,Louisiana Creole
lindi,Monday,Louisiana Creole
moman,mom,Louisiana Creole
"mèlé, mèl",mix,Louisiana Creole
méli-mélanj,mix,Louisiana Creole
"mèlé, mèl",mix,Louisiana Creole
méli-mélanj,mix,Louisiana Creole
"manké, mank","miss,almost do something",Louisiana Creole
(la) mizær,"misery,trouble",Louisiana Creole
dibonm,mint,Louisiana Creole
dibonm,mint,Louisiana Creole
dilé,milk,Louisiana Creole
(dé) mlon,melon,Louisiana Creole
jwènn,meet,Louisiana Creole
jwènn,meet,Louisiana Creole
fé lakònésans (avèk) ,meet (someone for the first time),Louisiana Creole
médsinn,medicine,Louisiana Creole
médsinn,medicine,Louisiana Creole
(la) vyann,meat,Louisiana Creole
(la) vyann,meat,Louisiana Creole
minn,mean,Louisiana Creole
vilin,"mean,nasty,ugly",Louisiana Creole
petèt,maybe,Louisiana Creole
petèt,maybe,Louisiana Creole
mé,May,Louisiana Creole
mé,May,Louisiana Creole
"mariyé, mari",marry,Louisiana Creole
"mariyé, mari",marry,Louisiana Creole
nom-d-maryaj,married name,Louisiana Creole
nom-d-maryaj,married name,Louisiana Creole
maryaj,marriage,Louisiana Creole
maryaj,marriage,Louisiana Creole
Karnaval,Mardi Gras,Louisiana Creole
Karnaval,Mardi Gras,Louisiana Creole
mars,March,Louisiana Creole
mars,March,Louisiana Creole
plizyær,many,Louisiana Creole
bokou,"many,very",Louisiana Creole
bokou,"many,very",Louisiana Creole
fimyé,manure,Louisiana Creole
fimyé,manure,Louisiana Creole
nonm,man,Louisiana Creole
nonm,man,Louisiana Creole
klouk,male genitalia,Louisiana Creole
fé zyé dou (apré) ,make eyes (at),Louisiana Creole
shoké,"mad,angry",Louisiana Creole
mashinn,"machine,motor",Louisiana Creole
mashinn,"machine,motor",Louisiana Creole
lonch,lunch,Louisiana Creole
"diné, dinn","lunch,eat lunch",Louisiana Creole
gin lashans,lucky,Louisiana Creole
(la) shans,"luck,chance",Louisiana Creole
(la) shans,"luck,chance",Louisiana Creole
(l) amour,love,Louisiana Creole
"linmé, linm","love,like",Louisiana Creole
(la) lotri,lottery,Louisiana Creole
pærdi,lost,Louisiana Creole
pærd,lose,Louisiana Creole
"gardé, gar","look at,seem like,watch",Louisiana Creole
lontem,long time,Louisiana Creole
lofis,lombrajombraj,Louisiana Creole
aklé,lock,Louisiana Creole
"baré, bar","lock,block",Louisiana Creole
vivan,"living,alive",Louisiana Creole
vivan,"living,alive",Louisiana Creole
salon,living room,Louisiana Creole
bétay,livestock,Louisiana Creole
bétay,livestock,Louisiana Creole
viv,"live,dwell",Louisiana Creole
mòrso,little piece,Louisiana Creole
"kouté, kout","listen,cost",Louisiana Creole
lis,list,Louisiana Creole
babìnn,lip,Louisiana Creole
konm,like,Louisiana Creole
zéklær,lightning,Louisiana Creole
(la) limyær,light,Louisiana Creole
léjé,"light,thin",Louisiana Creole
(la) vi,life,Louisiana Creole
"menti, men",lie,Louisiana Creole
"menti, men",lie,Louisiana Creole
lézar,lézòtzòt,Louisiana Creole
nivo,level,Louisiana Creole
léçon,"lesson,moral",Louisiana Creole
mwins,less,Louisiana Creole
Karèm,Lent,Louisiana Creole
limon,lemon,Louisiana Creole
jamb,leg,Louisiana Creole
agosh,left,Louisiana Creole
gosh,"left (as opposed to right),awkward,clumsy",Louisiana Creole
gosh,"left (as opposed to right),awkward,clumsy",Louisiana Creole
"parti, par",leave,Louisiana Creole
"parti, par",leave,Louisiana Creole
"kité, kit","leave,let",Louisiana Creole
"lésé, lès","leave,let",Louisiana Creole
gonn,"leave,gone",Louisiana Creole
gonn,"leave,gone",Louisiana Creole
aprenn,"learn,teach",Louisiana Creole
aprenn,"learn,teach",Louisiana Creole
féy,leaf,Louisiana Creole
féy,leaf,Louisiana Creole
parésé,lazy,Louisiana Creole
Lavonn,lavyannvyann,Louisiana Creole
tar,late,Louisiana Creole
dærñær,last,Louisiana Creole
"diré, dir",last (for a while),Louisiana Creole
(la) lamp,lamp,Louisiana Creole
laba,lahanshhansh,Louisiana Creole
koné,"know,can,able",Louisiana Creole
kouto,knife,Louisiana Creole
jnou,knee,Louisiana Creole
(la) kizinn,kitchen,Louisiana Creole
kalité,"kind,type,sort",Louisiana Creole
"choué, chou",kill,Louisiana Creole
(la) klé,key,Louisiana Creole
(la) jistis,justice,Louisiana Creole
jish,just,Louisiana Creole
jwin,June,Louisiana Creole
jwin,June,Louisiana Creole
galimacha,"jumble,mess",Louisiana Creole
jilyèt,July,Louisiana Creole
diji,juice,Louisiana Creole
djòg,jug,Louisiana Creole
(la) jwa,joy,Louisiana Creole
(la) jwa,joy,Louisiana Creole
fé fars,joke,Louisiana Creole
djòb,job,Louisiana Creole
jwif,Jewish,Louisiana Creole
jwif,Jewish,Louisiana Creole
djaz,jazz,Louisiana Creole
janvyé,January,Louisiana Creole
jambalaya,jambalaya,Louisiana Creole
jakèt,jacket,Louisiana Creole
italyin,Italian,Louisiana Creole
çé té,it was,Louisiana Creole
yéyay!,"interjyeyaille!,wow!",Louisiana Creole
wi,interjyes,Louisiana Creole
wèl,interjwell (discourse particle),Louisiana Creole
vwala,interjvoilà,Louisiana Creole
vwala,interjvoilà,Louisiana Creole
do,interjthough (discourse particle),Louisiana Creole
alòr,"['interjthen,so,"" Fr. 'donc'",Louisiana Creole
mærsi,interjthanks,Louisiana Creole
mèsi,interjthanks,Louisiana Creole
mèsi,interjthanks,Louisiana Creole
so,interjso (discourse particle),Louisiana Creole
"sitoplé, sivouplé",interjplease,Louisiana Creole
tanpri,interjplease,Louisiana Creole
non,interjno,Louisiana Creole
non,interjno,Louisiana Creole
hé!,interjhey!,Louisiana Creole
bonjou,interjhello,Louisiana Creole
bonjou,interjhello,Louisiana Creole
orévwar,interjgoodbye,Louisiana Creole
bonswa,"interjgood evening,good night",Louisiana Creole
intérèsé,"interesting,interested",Louisiana Creole
endan,inside,Louisiana Creole
"blèsé, blès",injure,Louisiana Creole
"blèsé, blès",injure,Louisiana Creole
zindyin,Indian (Native American),Louisiana Creole
dan,in,Louisiana Creole
dévan,in front of,Louisiana Creole
dévan,in front of,Louisiana Creole
ennavan,in front of,Louisiana Creole
ennaryær,"in back,behind",Louisiana Creole
impòsib,impossible,Louisiana Creole
impòrtan,important,Louisiana Creole
Ozilinwa,Illinois,Louisiana Creole
si,"if,so",Louisiana Creole
nidé,"idea,mind,thought",Louisiana Creole
(la) glas,"ice,ice cream,frost",Louisiana Creole
(la) glas,"ice,ice cream,frost",Louisiana Creole
mari,husband,Louisiana Creole
mari,husband,Louisiana Creole
fé mal,hurt,Louisiana Creole
lòragan,"hurricane,storm",Louisiana Creole
"shasé, shas",hunt,Louisiana Creole
"shasé, shas",hunt,Louisiana Creole
fim,hungry,Louisiana Creole
fim,hungry,Louisiana Creole
imid,humid,Louisiana Creole
"embrasé, embras","hug,kiss",Louisiana Creole
komen,how,Louisiana Creole
kombyin,how many,Louisiana Creole
(la) mézon,house,Louisiana Creole
lœr,"['hour,"" o'clock",Louisiana Creole
zœr,"['hour,"" o'clock",Louisiana Creole
sho,hot,Louisiana Creole
lopital,hospital,Louisiana Creole
fær-a-shwal,horseshoe,Louisiana Creole
shval,horse,Louisiana Creole
kòrn,horn,Louisiana Creole
"swaté, swat","hope,wish",Louisiana Creole
moush-a-myèl,honeybee,Louisiana Creole
dimyèl,honey,Louisiana Creole
chombo,hold,Louisiana Creole
"pyoshé, pyòsh","hoe,dig",Louisiana Creole
"koñé, koñ","hit,strike,bump",Louisiana Creole
(la) hansh,hip,Louisiana Creole
kashé,"hide,hidden",Louisiana Creole
kashé,"hide,hidden",Louisiana Creole
léritaj,heritage,Louisiana Creole
isit,here,Louisiana Creole
(la) tizann,herbal tea,Louisiana Creole
(la) tizann,herbal tea,Louisiana Creole
poulayé,henhouse,Louisiana Creole
"èdé, èd",help,Louisiana Creole
lour,heavy,Louisiana Creole
paradi,heaven,Louisiana Creole
mal-o-kœr,heartburn,Louisiana Creole
kœr,heart,Louisiana Creole
"tendé, tenn",hear,Louisiana Creole
gayar,healthy,Louisiana Creole
géri,"heal,cure",Louisiana Creole
tiyon,"headscarf,tignon",Louisiana Creole
tiyon,"headscarf,tignon",Louisiana Creole
(la) tèt,head,Louisiana Creole
difwin,hay,Louisiana Creole
difwin,hay,Louisiana Creole
gin,have,Louisiana Creole
gin pou,have to,Louisiana Creole
dwa,"have to,must",Louisiana Creole
gin toupé,have nerve,Louisiana Creole
shapo,hat,Louisiana Creole
shapo,hat,Louisiana Creole
rékòlt,"harvest,crop",Louisiana Creole
dursi,harden,Louisiana Creole
dur,"hard,difficult",Louisiana Creole
konten,happy,Louisiana Creole
penn,hang,Louisiana Creole
penn,hang,Louisiana Creole
(la) min,hand,Louisiana Creole
mòché-sœr,half-sister,Louisiana Creole
mòché-frær,half-brother,Louisiana Creole
(la) mòché,half of,Louisiana Creole
demi,half (used in telling time),Louisiana Creole
shévé,hair,Louisiana Creole
shévé,hair,Louisiana Creole
boug,"guy,man",Louisiana Creole
gombo,gumbo,Louisiana Creole
gombo,gumbo,Louisiana Creole
Gòlf,Gulf of Mexico,Louisiana Creole
Gòlf,Gulf of Mexico,Louisiana Creole
gita,guitar,Louisiana Creole
gita,guitar,Louisiana Creole
grosi,"grow,grow up,get fat",Louisiana Creole
gran-moun,grow-up,Louisiana Creole
gran-moun,grow-up,Louisiana Creole
grandi,"grow up,grow",Louisiana Creole
grandi,"grow up,grow",Louisiana Creole
(la) grosri,grocery store,Louisiana Creole
digri,grits,Louisiana Creole
digri,grits,Louisiana Creole
gril,grill,Louisiana Creole
gril,grill,Louisiana Creole
"griyé, griy","grill,roast",Louisiana Creole
"griyé, griy","grill,roast",Louisiana Creole
vær,green,Louisiana Creole
(dé) pwa,green peas,Louisiana Creole
vayan,"great,excellent,nice",Louisiana Creole
gran-ti-zenfan,great-grandchild,Louisiana Creole
gran-ti-zenfan,great-grandchild,Louisiana Creole
zærb,grass,Louisiana Creole
ti-garçon,grandson,Louisiana Creole
ti-garçon,grandson,Louisiana Creole
gran-paren,grandparents,Louisiana Creole
gran-paren,grandparents,Louisiana Creole
gran-mær/gran-moman,grandmother/grandma,Louisiana Creole
gran-mær/gran-moman,grandmother/grandma,Louisiana Creole
gran-pær/gran-popa,grandfather/grandpa,Louisiana Creole
gran-pær/gran-popa,grandfather/grandpa,Louisiana Creole
ti-fiy,granddaughter,Louisiana Creole
"ti-zenfan, ti-piti",grandchild,Louisiana Creole
"ti-zenfan, ti-piti",grandchild,Louisiana Creole
kòmærs,gossip,Louisiana Creole
(dé) zwa,goose,Louisiana Creole
bon,good,Louisiana Creole
bon,good,Louisiana Creole
byin,"good,well,very",Louisiana Creole
bonn-aryin,good-for-nothing,Louisiana Creole
bonn-aryin,good-for-nothing,Louisiana Creole
fiyo,godson,Louisiana Creole
fiyo,godson,Louisiana Creole
marènn,godmother,Louisiana Creole
parin,godfather,Louisiana Creole
fiyèl,goddaughter,Louisiana Creole
fiyèl,goddaughter,Louisiana Creole
Bondjè,God,Louisiana Creole
Bondjè,God,Louisiana Creole
alé,go,Louisiana Creole
kouri,go,Louisiana Creole
"koushé, koush","go to bed,lie down",Louisiana Creole
fé grosri,go grocery shopping,Louisiana Creole
désann,"go down,get off",Louisiana Creole
linèt,glasses,Louisiana Creole
vær,"glass,glass (for drinking)",Louisiana Creole
donn,give,Louisiana Creole
fé kado,give as a gift,Louisiana Creole
kalinn,"girlfriend,lover (female)",Louisiana Creole
bèl,"girlfriend,female lover",Louisiana Creole
fiy,"girl,daughter",Louisiana Creole
fiy,"girl,daughter",Louisiana Creole
kado,gift,Louisiana Creole
"trapé, trap","get,catch,trap",Louisiana Creole
"lévé, lèv","get up,raise",Louisiana Creole
"chaké, chak",get drunk,Louisiana Creole
sali,get dirty,Louisiana Creole
frédi,get cold,Louisiana Creole
Alman,German,Louisiana Creole
"ramasé, ramas","gather,pick up,collect",Louisiana Creole
gazolinn,gasoline,Louisiana Creole
lay,garlic,Louisiana Creole
jardin,garden,Louisiana Creole
garaj,garage,Louisiana Creole
pwason-armé,gar (fish),Louisiana Creole
gém,game,Louisiana Creole
a,future marker,Louisiana Creole
sa,"future marker,will be",Louisiana Creole
va,"future marker (see Grammar Sketch),will",Louisiana Creole
dròl,"funny,weird",Louisiana Creole
fonn,fun,Louisiana Creole
plin,"full,a lot",Louisiana Creole
(la) pwal,frying pan,Louisiana Creole
fri,fry,Louisiana Creole
frwi,fruit,Louisiana Creole
d(e) ,"from,of",Louisiana Creole
(z) ami,friend,Louisiana Creole
padna,friend,Louisiana Creole
vendrédi,Friday,Louisiana Creole
"frikasé, frikas","fricassee,stew,stew",Louisiana Creole
frèsh,"fresh,cool",Louisiana Creole
Françé,French,Louisiana Creole
"jélé, jèl",freeze,Louisiana Creole
karant-é-ènn,fourty-one,Louisiana Creole
katòrz,fourteen,Louisiana Creole
katòrz,fourteen,Louisiana Creole
kat,four,Louisiana Creole
kat,four,Louisiana Creole
karant,forty,Louisiana Creole
fourshèt,fork (for eating),Louisiana Creole
"pardonné, pardonn",forgive,Louisiana Creole
"bliyé, bliy",forget,Louisiana Creole
"bliyé, bliy",forget,Louisiana Creole
toultem,"forever,always",Louisiana Creole
toultem,"forever,always",Louisiana Creole
foré,forest,Louisiana Creole
pou,"for,about,to",Louisiana Creole
pyé,foot,Louisiana Creole
sòt,foolish,Louisiana Creole
manjé,food,Louisiana Creole
swiv,follow,Louisiana Creole
(dé) moush,fly,Louisiana Creole
"volé, vòl","fly,steal",Louisiana Creole
"volé, vòl","fly,steal",Louisiana Creole
flœr,flower,Louisiana Creole
flœr,flower,Louisiana Creole
planshé,floor,Louisiana Creole
zétaj,floor (of a building),Louisiana Creole
"ranjé, ranj","fix,repair,arrange,prepare",Louisiana Creole
péshœr,"fisher,sinner",Louisiana Creole
péshœr,"fisher,sinner",Louisiana Creole
pwason,fish,Louisiana Creole
prèmyé,first,Louisiana Creole
difé,fire,Louisiana Creole
difé,fire,Louisiana Creole
fini,"finish,complete",Louisiana Creole
fini,"finish,complete",Louisiana Creole
dwa,finger,Louisiana Creole
filé,filé,Louisiana Creole
filé,filé,Louisiana Creole
bat,"fight,beat",Louisiana Creole
sinkant,fifty,Louisiana Creole
sinkant-é-ènn,fifty-one,Louisiana Creole
kinz,fifteen,Louisiana Creole
klo,field,Louisiana Creole
"senti, sen","feel (reflexive),smell",Louisiana Creole
fèvriyé,February,Louisiana Creole
fèvriyé,February,Louisiana Creole
pœr,"fear,afraid",Louisiana Creole
(la) fot,fault,Louisiana Creole
pær,father,Louisiana Creole
bo-pær,"father-in-law,stepfather",Louisiana Creole
bo-pær,"father-in-law,stepfather",Louisiana Creole
vit,"fast,quickly",Louisiana Creole
(l) abitan,farmer,Louisiana Creole
fé rékòlt,farm,Louisiana Creole
lwin,far,Louisiana Creole
famiy,family,Louisiana Creole
fo,FALSE,Louisiana Creole
fo,FALSE,Louisiana Creole
"tombé, tomb",fall,Louisiana Creole
"tombé, tomb",fall,Louisiana Creole
(la) figur,face,Louisiana Creole
(la) figur,face,Louisiana Creole
zyé,eye,Louisiana Creole
zyé,eye,Louisiana Creole
foutimen,extremely,Louisiana Creole
èksplozé,explode,Louisiana Creole
par ègzamp,expfor example,Louisiana Creole
shær,"expensive,dear",Louisiana Creole
shær,"expensive,dear",Louisiana Creole
"èskizé, èskiz",excuse,Louisiana Creole
"èskizé, èskiz",excuse,Louisiana Creole
ègzamp,example,Louisiana Creole
mal,evil,Louisiana Creole
toukishòj,everything,Louisiana Creole
toukishòj,everything,Louisiana Creole
touléjour,every day,Louisiana Creole
touléjour,every day,Louisiana Creole
swaré,"evening,eveningtime",Louisiana Creole
surtou,especially,Louisiana Creole
"shapé, shap","escape,get away",Louisiana Creole
"shapé, shap","escape,get away",Louisiana Creole
"rentré, rent","enter,return,come home",Louisiana Creole
èndjòy,enjoy,Louisiana Creole
nanglé,English language,Louisiana Creole
fyansé,engaged,Louisiana Creole
fin,end,Louisiana Creole
fin,end,Louisiana Creole
bout,end (of object),Louisiana Creole
vid,empty,Louisiana Creole
onz,eleven,Louisiana Creole
katré-vin,eighty,Louisiana Creole
katré-vin,eighty,Louisiana Creole
diz-wit,eighteen,Louisiana Creole
wit,eight,Louisiana Creole
zégré,egret,Louisiana Creole
brenm,eggplant,Louisiana Creole
(dé) zèf,egg,Louisiana Creole
"manjé, manj",eat,Louisiana Creole
"safré, saf","eat (of animals),eat like an animal (of humans)",Louisiana Creole
izé,easy,Louisiana Creole
sipré,Eastern red cedar,Louisiana Creole
Pak,Easter,Louisiana Creole
lès,"east,eastern",Louisiana Creole
(la) tær,"earth,ground,dirt",Louisiana Creole
bonnœr,early,Louisiana Creole
mal-zòrèy,earache,Louisiana Creole
zòrèy,ear,Louisiana Creole
shak,"each,every",Louisiana Creole
shak,"each,every",Louisiana Creole
ènn-a-lòt,each other,Louisiana Creole
(la) pousyær,dust,Louisiana Creole
pendan,"during,while",Louisiana Creole
pendan,"during,while",Louisiana Creole
kanar,duck,Louisiana Creole
sèk,dry,Louisiana Creole
chak,drunk,Louisiana Creole
tambou,drum,Louisiana Creole
"nwayé, nway",drown,Louisiana Creole
"nwayé, nway",drown,Louisiana Creole
gout,drop,Louisiana Creole
gout,drop,Louisiana Creole
bwa,drink,Louisiana Creole
bwason,drink,Louisiana Creole
twalèt,dresser,Louisiana Creole
ròb,dress,Louisiana Creole
rèv,dream,Louisiana Creole
"rèvé, rèv",dream,Louisiana Creole
pòrt,door,Louisiana Creole
pyas,dollar,Louisiana Creole
shyin,dog,Louisiana Creole
fé,"do,make",Louisiana Creole
èske,do you...?,Louisiana Creole
èske,do you...?,Louisiana Creole
koné,do regularly,Louisiana Creole
(la) vésèl,dishes,Louisiana Creole
dégouté,"disgusted,depressed",Louisiana Creole
dékourajé,"discouraged,discourage",Louisiana Creole
sal,dirty,Louisiana Creole
"barbouyé, barbouy","dirty,get dirty",Louisiana Creole
sal-a-manjé,dining room,Louisiana Creole
diféren,different,Louisiana Creole
diféren,different,Louisiana Creole
diférens,difference,Louisiana Creole
diférens,difference,Louisiana Creole
"krèvé, krèv",die,Louisiana Creole
mouri,die,Louisiana Creole
(la) chirout,diarrhea,Louisiana Creole
dézòrd,dézwitzwit,Louisiana Creole
dézòrd,dézwitzwit,Louisiana Creole
déyòr,dézozo,Louisiana Creole
déyòr,dézozo,Louisiana Creole
(la) rozé,dew,Louisiana Creole
(la) rozé,dew,Louisiana Creole
"détèsté, détès",déværvær,Louisiana Creole
"détèsté, détès",déværvær,Louisiana Creole
tô,detyour (singular),Louisiana Creole
tô,detyour (singular),Louisiana Creole
vô,detyour (polite),Louisiana Creole
vô,detyour (polite),Louisiana Creole
-ça(la) yé,detthose,Louisiana Creole
-çila,detthis,Louisiana Creole
-çi(la) yé,detthese,Louisiana Creole
yê,dettheir,Louisiana Creole
-la,detthe,Louisiana Creole
"la, le, lê",detthe,Louisiana Creole
-çala,detthat,Louisiana Creole
-yé,detplural marker,Louisiana Creole
nô,detour,Louisiana Creole
mô,detmy,Louisiana Creole
sô,"dethis,her,its",Louisiana Creole
désemb,déshoushou,Louisiana Creole
désemb,déshoushou,Louisiana Creole
dépi,dépwarpwar,Louisiana Creole
démin,démoushmoush,Louisiana Creole
shèvréy,deer,Louisiana Creole
shèvréy,deer,Louisiana Creole
fon,"deep,depths",Louisiana Creole
(la) mòr,death,Louisiana Creole
mòr,dead,Louisiana Creole
jour,day,Louisiana Creole
(la) journé,"day,daytime",Louisiana Creole
bèl-fiy,daughter-in-law,Louisiana Creole
fonsé,dark (of color),Louisiana Creole
hòl,dancehall,Louisiana Creole
"dansé, dans",dance,Louisiana Creole
bal,dance (social gathering),Louisiana Creole
popa,dad,Louisiana Creole
boskoyo,cypress knee,Louisiana Creole
"koupé, koup",cut,Louisiana Creole
kiriyé,"curious,nosy",Louisiana Creole
gérison,cure,Louisiana Creole
kòp,cup,Louisiana Creole
tas,cup,Louisiana Creole
kanay,"cunning,mischievious,sly",Louisiana Creole
fé siñ lakrwa,cross yourself,Louisiana Creole
kréyòl,Creole,Louisiana Creole
Kréyòl,Creole person,Louisiana Creole
fou,crazy,Louisiana Creole
krébis,crawfish,Louisiana Creole
krab,crab,Louisiana Creole
bèf,cow,Louisiana Creole
vash,cow,Louisiana Creole
kouzin,cousin (male or female),Louisiana Creole
kouzinn,cousin (female),Louisiana Creole
fé lakour,"court,date",Louisiana Creole
péyi,"country,nation",Louisiana Creole
péyi,"country,nation",Louisiana Creole
(la) kamponñ,"country,countryside",Louisiana Creole
tous,cough,Louisiana Creole
"tousé, tous",cough,Louisiana Creole
tous,cough,Louisiana Creole
koton,cotton,Louisiana Creole
kayé,cottage cheese,Louisiana Creole
kayé,cottage cheese,Louisiana Creole
kòrèk,"correct,fine",Louisiana Creole
kòton-mayi,corncob,Louisiana Creole
koushkoush,cornbread with sugar and milk,Louisiana Creole
mayi,corn,Louisiana Creole
mayi,corn,Louisiana Creole
kwi,cook,Louisiana Creole
konværsasyon,conversation,Louisiana Creole
kontiné,continue,Louisiana Creole
ki moun,conjphrwho,Louisiana Creole
sé,"conditional marker,would be",Louisiana Creole
fé trin,complain,Louisiana Creole
(la) kompoñi,company (people),Louisiana Creole
"vini, vyin","come,become",Louisiana Creole
koulœr,color,Louisiana Creole
frèt,cold,Louisiana Creole
(la) rimm,"cold (sickness),flu",Louisiana Creole
kafé,coffee,Louisiana Creole
ravé,cockroach,Louisiana Creole
kapo,coat,Louisiana Creole
klœb,"club,nightclub",Louisiana Creole
kouvær,"cloudy,covered",Louisiana Creole
miryaj,cloud,Louisiana Creole
nwaj,cloud,Louisiana Creole
nwaj,cloud,Louisiana Creole
linj,clothes,Louisiana Creole
kabinèt,closet,Louisiana Creole
"færmé, færm","close,shut",Louisiana Creole
malin,"clever,sly",Louisiana Creole
klærmen,clearly,Louisiana Creole
klær,"clear,light (said of skin),clearly",Louisiana Creole
"nètwayé, nètwa",clean,Louisiana Creole
(la) vil,city,Louisiana Creole
sirkonflèks,circumflex (accent mark),Louisiana Creole
légliz,church,Louisiana Creole
(la) mès,"church,mass",Louisiana Creole
(la) mès,"church,mass",Louisiana Creole
Krismis,Christmas,Louisiana Creole
Nwèl,Christmas,Louisiana Creole
Nwèl,Christmas,Louisiana Creole
piti,child,Louisiana Creole
poul,"chicken,hen",Louisiana Creole
"shiké, shik",chew,Louisiana Creole
"shiké, shik",chew,Louisiana Creole
fromaj,cheese,Louisiana Creole
"chéké, chèk",check,Louisiana Creole
bon-marshé,cheap,Louisiana Creole
bon-marshé,cheap,Louisiana Creole
galopé laboush,"['chatter,"" run one's mouth",Louisiana Creole
"kozé, kòz",chat,Louisiana Creole
"sharé, shar",chat,Louisiana Creole
"sharé, shar",chat,Louisiana Creole
"shanjé, shanj",change,Louisiana Creole
"shanjé, shanj",change,Louisiana Creole
kammòmèl,chamomile,Louisiana Creole
défi,challenge,Louisiana Creole
sou,cent,Louisiana Creole
ménné/fé lembara,cause trouble,Louisiana Creole
ménné/fé lembara,cause trouble,Louisiana Creole
fé kòmærs,"cause trouble,make a mess",Louisiana Creole
Katolik,Catholic,Louisiana Creole
Katolik,Catholic,Louisiana Creole
barbi,catfish,Louisiana Creole
karòt,carrot,Louisiana Creole
karòt,carrot,Louisiana Creole
"swonñé, swonñ","care for,nurse",Louisiana Creole
kart,card,Louisiana Creole
kart,card,Louisiana Creole
shar,car,Louisiana Creole
shar,car,Louisiana Creole
kapitènn,captain,Louisiana Creole
shandèl,candle,Louisiana Creole
shandèl,candle,Louisiana Creole
"pèlé, pèl","call,be named (reflexive)",Louisiana Creole
"pèlé, pèl","call,be named (reflexive)",Louisiana Creole
kék,cake,Louisiana Creole
kék,cake,Louisiana Creole
gato,cake (general),Louisiana Creole
kadjin,Cajun,Louisiana Creole
Kadjin,Cajun person,Louisiana Creole
(dé) shou,cabbage,Louisiana Creole
karankro,"buzzard,vulture,Carencro",Louisiana Creole
"ashté, ashèt",buy,Louisiana Creole
"ashté, ashèt",buy,Louisiana Creole
dibœr,butter,Louisiana Creole
dibœr,butter,Louisiana Creole
bounda,butt,Louisiana Creole
gogo,butt,Louisiana Creole
gogo,butt,Louisiana Creole
mé,but,Louisiana Creole
mé,but,Louisiana Creole
okipé,busy,Louisiana Creole
"brilé, bril",burn,Louisiana Creole
brilmen,burn,Louisiana Creole
wawaron,bullfrog,Louisiana Creole
batis,building,Louisiana Creole
bati,build,Louisiana Creole
"bouklé, bouk",buckle,Louisiana Creole
maron,brown,Louisiana Creole
maron,brown,Louisiana Creole
frær,brother,Louisiana Creole
bo-frær,brother-in-law,Louisiana Creole
bo-frær,brother-in-law,Louisiana Creole
balé,broom,Louisiana Creole
"pòrté, pòrt","bring,wear",Louisiana Creole
"ménné, mènn","bring,haul",Louisiana Creole
"ménné, mènn","bring,haul",Louisiana Creole
(la) frèsh,"breeze,shade,relief",Louisiana Creole
"déjœné, déjœn","breakfast,eat breakfast",Louisiana Creole
"kasé, kas","break,crack,shuck,shell",Louisiana Creole
"kasé, kas","break,crack,shuck,shell",Louisiana Creole
dipin,bread,Louisiana Creole
(l) amourè,"boyfriend,lover (male)",Louisiana Creole
kalin,"boyfriend,lover (male),lazy",Louisiana Creole
garçon,"boy,son",Louisiana Creole
bwat,box,Louisiana Creole
bòl,bowl,Louisiana Creole
bòl,bowl,Louisiana Creole
boudin,boudin (sausage),Louisiana Creole
(la) boushri,boucherie,Louisiana Creole
boutéy,bottle,Louisiana Creole
embarasé,"bother,embarrass",Louisiana Creole
toulédé,both,Louisiana Creole
toulédé,both,Louisiana Creole
bòs,boss,Louisiana Creole
né,born,Louisiana Creole
ennwiyé,"bored,lonesome",Louisiana Creole
bòt,boots,Louisiana Creole
liv,"book,pound (unit of measurement)",Louisiana Creole
(dé) zo,bone,Louisiana Creole
"bouyi, bouy",boil,Louisiana Creole
bato,boat,Louisiana Creole
"souflé, souf","blow (of wind),breathe",Louisiana Creole
jozé,blouse,Louisiana Creole
jozé,blouse,Louisiana Creole
flèri,bloom,Louisiana Creole
flèri,bloom,Louisiana Creole
disan,blood,Louisiana Creole
nwar,black,Louisiana Creole
nwar,black,Louisiana Creole
anmær,bitter,Louisiana Creole
mòrd,"bite,sting",Louisiana Creole
(la) fèt,"birthday,party,holiday",Louisiana Creole
(la) fèt,"birthday,party,holiday",Louisiana Creole
zwazo,bird,Louisiana Creole
gran,"big,tall",Louisiana Creole
gran,"big,tall",Louisiana Creole
gro,"big,fat",Louisiana Creole
gro,"big,fat",Louisiana Creole
bisik,bicycle,Louisiana Creole
bisik,bicycle,Louisiana Creole
(La) Bib,Bible,Louisiana Creole
(La) Bib,Bible,Louisiana Creole
myé,better,Louisiana Creole
méyœr,"better,best",Louisiana Creole
méyœr,"better,best",Louisiana Creole
(dé) mir,berry,Louisiana Creole
enba,"below,under",Louisiana Creole
lèstoma,"belly,stomach",Louisiana Creole
krò,"believe,think",Louisiana Creole
béñé,beignet,Louisiana Creole
béñé,beignet,Louisiana Creole
dæryær,behind,Louisiana Creole
avan,before,Louisiana Creole
avan,before,Louisiana Creole
(la) byær,beer,Louisiana Creole
shanm-a-koushé,bedroom,Louisiana Creole
shanm-a-koushé,bedroom,Louisiana Creole
lit,bed,Louisiana Creole
akoz,because,Louisiana Creole
parske,because,Louisiana Creole
bèl,beautiful,Louisiana Creole
"tayé, tay",beat,Louisiana Creole
(la) barb,beard,Louisiana Creole
zariko,"beans,zydeco",Louisiana Creole
biy,bead,Louisiana Creole
biy,bead,Louisiana Creole
play,beach,Louisiana Creole
çé,be,Louisiana Creole
"sòrti, sòr","be from (somewhere),go out,end up",Louisiana Creole
fé atensyon,be careful,Louisiana Creole
yê,"be (interrogative),be (relative)",Louisiana Creole
dèt,"be (imperative),be (infinitive)",Louisiana Creole
dèt,"be (imperative),be (infinitive)",Louisiana Creole
bayou,bayou,Louisiana Creole
shanm-a-bin,bathroom,Louisiana Creole
shanm-a-bin,bathroom,Louisiana Creole
soutærin,basement,Louisiana Creole
(la) kav,"basement,pantry",Louisiana Creole
(la) kav,"basement,pantry",Louisiana Creole
"japé, jap",bark,Louisiana Creole
fil-a-kroshé,barbed wire,Louisiana Creole
fil-a-kroshé,barbed wire,Louisiana Creole
(la) bank,bank,Louisiana Creole
banndjo,banjo,Louisiana Creole
(la) plòt,ball,Louisiana Creole
napa,bait,Louisiana Creole
mové,bad,Louisiana Creole
gro tem/mové tem,"bad weather,storm",Louisiana Creole
gro tem/mové tem,"bad weather,storm",Louisiana Creole
mal-o-do,backache,Louisiana Creole
bæk,back,Louisiana Creole
(la) hash,axe,Louisiana Creole
lotòn,"autumn,fall",Louisiana Creole
tant,aunt,Louisiana Creole
aout,August,Louisiana Creole
koté,"at,near",Louisiana Creole
shé,at the home of,Louisiana Creole
shé,at the home of,Louisiana Creole
omwin,at least,Louisiana Creole
"mandé, mand",ask,Louisiana Creole
zartik,article,Louisiana Creole
"arivé, ariv","arrive,happen",Louisiana Creole
"arivé, ariv","arrive,happen",Louisiana Creole
obòr isit,around here,Louisiana Creole
bra,arm,Louisiana Creole
avril,April,Louisiana Creole
avril,April,Louisiana Creole
alentour,"approximately,around,about",Louisiana Creole
non pli,"anymore,either",Louisiana Creole
non pli,"anymore,either",Louisiana Creole
nimpòrt (ki) ,"any,whatever,whichever",Louisiana Creole
réponn,"answer,respond",Louisiana Creole
in lòt/in nòt,another,Louisiana Creole
"enmærdé, enmærd",annoy,Louisiana Creole
fid,animal feed,Louisiana Creole
fid,animal feed,Louisiana Creole
kolær,"anger,angry",Louisiana Creole
(l) andoui,andouille (sausage),Louisiana Creole
é,and,Louisiana Creole
épi,and,Louisiana Creole
épi,and,Louisiana Creole
Mérikin,"American,English language",Louisiana Creole
Mérikin,"American,English language",Louisiana Creole
toujou,"always,still",Louisiana Creole
toujou,"always,still",Louisiana Creole
kanminm,although,Louisiana Creole
malgré,although,Louisiana Creole
itou,"also,too",Louisiana Creole
osit,"also,too",Louisiana Creole
alfabèt,alphabet,Louisiana Creole
sœl,alone,Louisiana Creole
prèsk,almost,Louisiana Creole
gin drwa,allowed to,Louisiana Creole
kokodri,alligator,Louisiana Creole
tou,all,Louisiana Creole
tou,all,Louisiana Creole
toulajourné,all day long,Louisiana Creole
toulajourné,all day long,Louisiana Creole
tou alentour,all around,Louisiana Creole
tou alentour,all around,Louisiana Creole
tousœl,all alone,Louisiana Creole
batimen-d-ær,airplane,Louisiana Creole
éroplènn,airplane,Louisiana Creole
éroplènn,airplane,Louisiana Creole
dakòr,agreed,Louisiana Creole
pasé,ago,Louisiana Creole
pasé,ago,Louisiana Creole
(l) aj,age,Louisiana Creole
apré,after,Louisiana Creole
apré,after,Louisiana Creole
Afrikin,African,Louisiana Creole
gin pœr,afraid,Louisiana Creole
lontem pasé,advphrlong time ago,Louisiana Creole
pou sûr,"advphrfor sure,definitely",Louisiana Creole
osike,advphras soon as,Louisiana Creole
konsèy,advice,Louisiana Creole
asé,adv.enough,Louisiana Creole
asé,adv.enough,Louisiana Creole
gran-ouvær,adjphrwide open,Louisiana Creole
gran-ouvær,adjphrwide open,Louisiana Creole
zen (dê) ,adjphrsome,Louisiana Creole
konm-çi-kom-ça,adjphrso-so,Louisiana Creole
pli…ke,adjphrmore…than,Louisiana Creole
osi…ke,adjphras…as,Louisiana Creole
(la) kònésans,act of meeting someone,Louisiana Creole
kapab,"able,can",Louisiana Creole
pe,"able to,can",Louisiana Creole
pe,"able to,can",Louisiana Creole
in pe,a little,Louisiana Creole
chi,-chinsfxemphatic possessive,Louisiana Creole
