,creole_word,word,creole name
0,a,['future marker'],Lousiana Creole
1,a,"['of', ' to', ' from', ' at']",Lousiana Creole
2,abichud,['used to'],Lousiana Creole
3,(l)abitan,['farmer'],Lousiana Creole
4,(l)abri,['shelter'],Lousiana Creole
5,adrwa,['right (direction)'],Lousiana Creole
6,Afrikin; afrikin,['African'],Lousiana Creole
7,agosh,['left'],Lousiana Creole
8,(l)aj,['age'],Lousiana Creole
9,aklé,['lock'],Lousiana Creole
10,akoz,['because'],Lousiana Creole
11,alé,['go'],Lousiana Creole
12,alentour,"['approximately', ' around', ' about']",Lousiana Creole
13,alfabèt,['alphabet'],Lousiana Creole
14,Alman; alman,['German'],Lousiana Creole
15,alon,"[""let's""]",Lousiana Creole
16,alòr,"['interjthen', ' so', "" Fr. 'donc'""]",Lousiana Creole
17,(z)ami,['friend'],Lousiana Creole
18,(l)amour,['love'],Lousiana Creole
19,(l)amourè,"['boyfriend', ' lover (male)']",Lousiana Creole
20,(z)an,['year (for counting age)'],Lousiana Creole
21,(l)andoui,['andouille (sausage)'],Lousiana Creole
22,(l)ané,['year'],Lousiana Creole
23,anmær,['bitter'],Lousiana Creole
24,aout,['August'],Lousiana Creole
0,ap(é),['progressive marker'],Lousiana Creole
1,apré,['after'],Lousiana Creole
2,aprémidi,['nphrafternoon'],Lousiana Creole
3,aprenn,"['learn', ' teach']",Lousiana Creole
4,"arété, arèt",['stop'],Lousiana Creole
5,"arivé, ariv","['arrive', ' happen']",Lousiana Creole
6,ariyin,['nothing'],Lousiana Creole
7,asé,['adv.enough'],Lousiana Creole
8,"ashté, ashèt",['buy'],Lousiana Creole
9,asit,['sit'],Lousiana Creole
10,astœr,['now'],Lousiana Creole
11,aswa,['tonight'],Lousiana Creole
12,aværti,['warn'],Lousiana Creole
13,avan,['before'],Lousiana Creole
14,"avansé, avans",['progress'],Lousiana Creole
15,avèk,['with'],Lousiana Creole
16,avril,['April'],Lousiana Creole
0,ap(é),['progressive marker'],Lousiana Creole
1,apré,['after'],Lousiana Creole
2,aprémidi,['nphrafternoon'],Lousiana Creole
3,aprenn,"['learn', ' teach']",Lousiana Creole
4,"arété, arèt",['stop'],Lousiana Creole
5,"arivé, ariv","['arrive', ' happen']",Lousiana Creole
6,ariyin,['nothing'],Lousiana Creole
7,asé,['adv.enough'],Lousiana Creole
8,"ashté, ashèt",['buy'],Lousiana Creole
9,asit,['sit'],Lousiana Creole
10,astœr,['now'],Lousiana Creole
11,aswa,['tonight'],Lousiana Creole
12,aværti,['warn'],Lousiana Creole
13,avan,['before'],Lousiana Creole
14,"avansé, avans",['progress'],Lousiana Creole
15,avèk,['with'],Lousiana Creole
16,avril,['April'],Lousiana Creole
0,babìnn,['lip'],Lousiana Creole
1,bæk,['back'],Lousiana Creole
2,bal,['dance (social gathering)'],Lousiana Creole
3,balé,['broom'],Lousiana Creole
4,"balé, bal",['sweep'],Lousiana Creole
5,"baloté, balot",['stagger'],Lousiana Creole
6,(la)bank,['bank'],Lousiana Creole
7,banndjo,['banjo'],Lousiana Creole
8,(la)barb,['beard'],Lousiana Creole
9,barbi,['catfish'],Lousiana Creole
10,"barbouyé, barbouy","['dirty', ' get dirty']",Lousiana Creole
11,"baré, bar","['lock', ' block']",Lousiana Creole
12,bat,"['fight', ' beat']",Lousiana Creole
13,bati,['build'],Lousiana Creole
14,batimen,['ship'],Lousiana Creole
15,batimen-d-ær,['airplane'],Lousiana Creole
16,batis,['building'],Lousiana Creole
17,bato,['boat'],Lousiana Creole
18,baton,['stick'],Lousiana Creole
19,baton-mayi,['nphrcornstalk'],Lousiana Creole
20,bayou,['bayou'],Lousiana Creole
21,bèf,['cow'],Lousiana Creole
22,bèl,['beautiful'],Lousiana Creole
23,bèl,"['girlfriend', ' female lover']",Lousiana Creole
24,bèl-fiy,['daughter-in-law'],Lousiana Creole
0,bèl-mær,"['mother-in-law', ' stepmother']",Lousiana Creole
1,bèl-sœr,['sister-in-law'],Lousiana Creole
2,béñé,['beignet'],Lousiana Creole
3,"bèñé, bèñ","['swim', ' bathe']",Lousiana Creole
4,bèt,"['stupid', ' animal']",Lousiana Creole
5,bétay,['livestock'],Lousiana Creole
6,bezwin,['need'],Lousiana Creole
7,(La)Bib,['Bible'],Lousiana Creole
8,bisik,['bicycle'],Lousiana Creole
9,biy,['bead'],Lousiana Creole
10,blan,['white'],Lousiana Creole
11,blanshi,['whitewash'],Lousiana Creole
12,"blèsé, blès",['injure'],Lousiana Creole
13,"bliyé, bliy",['forget'],Lousiana Creole
14,bo-fis,['son-in-law'],Lousiana Creole
15,bo-frær,['brother-in-law'],Lousiana Creole
16,bo-pær,"['father-in-law', ' stepfather']",Lousiana Creole
17,bokou,"['many', ' very']",Lousiana Creole
18,bòl,['bowl'],Lousiana Creole
19,bon,['good'],Lousiana Creole
20,bon-marshé,['cheap'],Lousiana Creole
21,Bondjè,['God'],Lousiana Creole
22,bonjou,['interjhello'],Lousiana Creole
23,Bonn fèt!,['phrHappy birthday!'],Lousiana Creole
24,bonn-aryin,['good-for-nothing'],Lousiana Creole
0,bonnœr,['early'],Lousiana Creole
1,bonswa,"['interjgood evening', ' good night']",Lousiana Creole
2,bòs,['boss'],Lousiana Creole
3,boskoyo,['cypress knee'],Lousiana Creole
4,bòt,['boots'],Lousiana Creole
5,(la)bou,['mud'],Lousiana Creole
6,boudin,['boudin (sausage)'],Lousiana Creole
7,boug,"['guy', ' man']",Lousiana Creole
8,"bouklé, bouk",['buckle'],Lousiana Creole
9,(la)boukònn,['smoke'],Lousiana Creole
10,boukònné,"['smoke (meat)', ' smoked']",Lousiana Creole
11,"boulværsé, boulværs","['upset', ' change suddenly']",Lousiana Creole
12,bounda,['butt'],Lousiana Creole
13,(la)boush,['mouth'],Lousiana Creole
14,(la)boushri,['boucherie'],Lousiana Creole
15,bout,['end (of object)'],Lousiana Creole
16,bout-d-tem,['nphra while'],Lousiana Creole
17,boutéy,['bottle'],Lousiana Creole
18,boutik,['store'],Lousiana Creole
19,"bouyi, bouy",['boil'],Lousiana Creole
20,bra,['arm'],Lousiana Creole
21,branshaj,"['twigs', ' kindling']",Lousiana Creole
22,brenm,['eggplant'],Lousiana Creole
23,"brilé, bril",['burn'],Lousiana Creole
24,brilmen,['burn'],Lousiana Creole
0,brilmen-lèstoma,['nphrheartburn'],Lousiana Creole
1,"briyé, briy",['shine'],Lousiana Creole
2,"brizé, briz",['shatter'],Lousiana Creole
3,bwa,['drink'],Lousiana Creole
4,bwason,['drink'],Lousiana Creole
5,bwat,['box'],Lousiana Creole
6,(la)byær,['beer'],Lousiana Creole
7,byin,"['good', ' well', ' very']",Lousiana Creole
0,bèl-mær,"['mother-in-law', ' stepmother']",Lousiana Creole
1,bèl-sœr,['sister-in-law'],Lousiana Creole
2,béñé,['beignet'],Lousiana Creole
3,"bèñé, bèñ","['swim', ' bathe']",Lousiana Creole
4,bèt,"['stupid', ' animal']",Lousiana Creole
5,bétay,['livestock'],Lousiana Creole
6,bezwin,['need'],Lousiana Creole
7,(La)Bib,['Bible'],Lousiana Creole
8,bisik,['bicycle'],Lousiana Creole
9,biy,['bead'],Lousiana Creole
10,blan,['white'],Lousiana Creole
11,blanshi,['whitewash'],Lousiana Creole
12,"blèsé, blès",['injure'],Lousiana Creole
13,"bliyé, bliy",['forget'],Lousiana Creole
14,bo-fis,['son-in-law'],Lousiana Creole
15,bo-frær,['brother-in-law'],Lousiana Creole
16,bo-pær,"['father-in-law', ' stepfather']",Lousiana Creole
17,bokou,"['many', ' very']",Lousiana Creole
18,bòl,['bowl'],Lousiana Creole
19,bon,['good'],Lousiana Creole
20,bon-marshé,['cheap'],Lousiana Creole
21,Bondjè,['God'],Lousiana Creole
22,bonjou,['interjhello'],Lousiana Creole
23,Bonn fèt!,['phrHappy birthday!'],Lousiana Creole
24,bonn-aryin,['good-for-nothing'],Lousiana Creole
0,ça,"['prothat', ' what', ' it', ' they']",Lousiana Creole
1,ça-fé,['so'],Lousiana Creole
2,ça...?,['what...?'],Lousiana Creole
3,-ça(la)yé,['detthose'],Lousiana Creole
4,-çala,['detthat'],Lousiana Creole
5,çé,['be'],Lousiana Creole
6,çé té,['it was'],Lousiana Creole
7,chak,['drunk'],Lousiana Creole
8,"chaké, chak",['get drunk'],Lousiana Creole
9,"chéké, chèk",['check'],Lousiana Creole
10,chi,['-chinsfxemphatic possessive'],Lousiana Creole
11,(la)chirout,['diarrhea'],Lousiana Creole
12,chombo,['hold'],Lousiana Creole
13,"choué, chou",['kill'],Lousiana Creole
14,-çi(la)yé,['detthese'],Lousiana Creole
15,-çila,['detthis'],Lousiana Creole
0,d(e),"['from', ' of']",Lousiana Creole
1,dærñær,['last'],Lousiana Creole
2,dæryær,['behind'],Lousiana Creole
3,dakòr,['agreed'],Lousiana Creole
4,dan,['in'],Lousiana Creole
5,"dansé, dans",['dance'],Lousiana Creole
6,dé,['two'],Lousiana Creole
7,dê,['some'],Lousiana Creole
8,débout,"['standing', ' awake']",Lousiana Creole
9,défi,['challenge'],Lousiana Creole
10,défwa,['sometimes'],Lousiana Creole
11,dégouté,"['disgusted', ' depressed']",Lousiana Creole
12,"déjœné, déjœn","['breakfast', ' eat breakfast']",Lousiana Creole
13,dékourajé,"['discouraged', ' discourage']",Lousiana Creole
14,"déménajé, déménaj",['move house'],Lousiana Creole
15,demi,['half (used in telling time)'],Lousiana Creole
16,démin,['démoushmoush'],Lousiana Creole
17,den,['tooth'],Lousiana Creole
18,dépi,['dépwarpwar'],Lousiana Creole
19,désann,"['go down', ' get off']",Lousiana Creole
0,désemb,['déshoushou'],Lousiana Creole
1,dési,"['on top', ' over']",Lousiana Creole
2,dèt,"['be (imperative)', ' be (infinitive)']",Lousiana Creole
3,"détèsté, détès",['déværvær'],Lousiana Creole
4,dévan,['in front of'],Lousiana Creole
5,déyòr,['dézozo'],Lousiana Creole
6,dézolé,['sorry'],Lousiana Creole
7,dézòrd,['dézwitzwit'],Lousiana Creole
8,dèzyèm,['second'],Lousiana Creole
9,di,"['say', ' tell']",Lousiana Creole
10,dibœr,['butter'],Lousiana Creole
11,dibonm,['mint'],Lousiana Creole
12,dibwa,"['wood', ' woods']",Lousiana Creole
13,difé,['fire'],Lousiana Creole
14,diféren,['different'],Lousiana Creole
15,diférens,['difference'],Lousiana Creole
16,difwin,['hay'],Lousiana Creole
17,digri,['grits'],Lousiana Creole
0,diji,['juice'],Lousiana Creole
1,dilé,['milk'],Lousiana Creole
2,dimansh,['Sunday'],Lousiana Creole
3,Dimansh Ramo,['nphrPalm Sunday'],Lousiana Creole
4,dimyèl,['honey'],Lousiana Creole
5,"diné, dinn","['lunch', ' eat lunch']",Lousiana Creole
6,dipin,['bread'],Lousiana Creole
7,"diré, dir",['last (for a while)'],Lousiana Creole
8,diri,['rice'],Lousiana Creole
9,dis,['ten'],Lousiana Creole
10,dis-sèt,['seventeen'],Lousiana Creole
11,disan,['blood'],Lousiana Creole
12,disik,['sugar'],Lousiana Creole
13,dité,['tea'],Lousiana Creole
14,diven,['wind'],Lousiana Creole
15,divin,['wine'],Lousiana Creole
16,diz-nèf,['nineteen'],Lousiana Creole
17,diz-wit,['eighteen'],Lousiana Creole
18,djaz,['jazz'],Lousiana Creole
19,djèp,['wasp'],Lousiana Creole
20,djòb,['job'],Lousiana Creole
21,(la)djœl,['mouth (informal)'],Lousiana Creole
22,djòg,['jug'],Lousiana Creole
23,do,['interjthough (discourse particle)'],Lousiana Creole
24,dolo,['water'],Lousiana Creole
0,dolo ho,['nphrflood'],Lousiana Creole
1,domaj,"['shame', ' damage']",Lousiana Creole
2,donn,['give'],Lousiana Creole
3,"dòrmi, dòr",['sleep'],Lousiana Creole
4,dòt,['other'],Lousiana Creole
5,dou,['sweet'],Lousiana Creole
6,dousmen,"['slow', ' slowly']",Lousiana Creole
7,douz,['twelve'],Lousiana Creole
8,drèt-la,"['right here', ' right then']",Lousiana Creole
9,dri,"['thick (with)', ' heavy']",Lousiana Creole
10,dròl,"['funny', ' weird']",Lousiana Creole
11,drwa,['right'],Lousiana Creole
12,dur,"['hard', ' difficult']",Lousiana Creole
13,dursi,['harden'],Lousiana Creole
14,dwa,"['have to', ' must']",Lousiana Creole
15,dwa,['finger'],Lousiana Creole
0,désemb,['déshoushou'],Lousiana Creole
1,dési,"['on top', ' over']",Lousiana Creole
2,dèt,"['be (imperative)', ' be (infinitive)']",Lousiana Creole
3,"détèsté, détès",['déværvær'],Lousiana Creole
4,dévan,['in front of'],Lousiana Creole
5,déyòr,['dézozo'],Lousiana Creole
6,dézolé,['sorry'],Lousiana Creole
7,dézòrd,['dézwitzwit'],Lousiana Creole
8,dèzyèm,['second'],Lousiana Creole
9,di,"['say', ' tell']",Lousiana Creole
10,dibœr,['butter'],Lousiana Creole
11,dibonm,['mint'],Lousiana Creole
12,dibwa,"['wood', ' woods']",Lousiana Creole
13,difé,['fire'],Lousiana Creole
14,diféren,['different'],Lousiana Creole
15,diférens,['difference'],Lousiana Creole
16,difwin,['hay'],Lousiana Creole
17,digri,['grits'],Lousiana Creole
0,é,['and'],Lousiana Creole
1,"èdé, èd",['help'],Lousiana Creole
2,ègzamp,['example'],Lousiana Creole
3,ékan,['when'],Lousiana Creole
4,ékri,['write'],Lousiana Creole
5,èksplozé,['explode'],Lousiana Creole
6,èl,"['proshe', ' her (object and subject pronoun)']",Lousiana Creole
7,"èlvé, (è)lèv","['raise', ' grow']",Lousiana Creole
8,embarasé,"['bother', ' embarrass']",Lousiana Creole
9,"embrasé, embras","['hug', ' kiss']",Lousiana Creole
10,en,"['on', ' in']",Lousiana Creole
11,enba,"['below', ' under']",Lousiana Creole
12,endan,['inside'],Lousiana Creole
13,endéyòr,"['outside', ' outside of']",Lousiana Creole
14,èndjòy,['enjoy'],Lousiana Creole
15,enfamiy,['pregnant'],Lousiana Creole
16,enho,"['on', ' above']",Lousiana Creole
17,enkòr,['yet'],Lousiana Creole
18,enlær,"['up', ' on', ' above']",Lousiana Creole
19,"enmærdé, enmærd",['annoy'],Lousiana Creole
20,ènn-a-lòt,['each other'],Lousiana Creole
21,ennaryær,"['in back', ' behind']",Lousiana Creole
22,ennavan,['in front of'],Lousiana Creole
23,ennwiyé,"['bored', ' lonesome']",Lousiana Creole
24,ensenm,['together'],Lousiana Creole
0,Envil,['New Orleans'],Lousiana Creole
1,épi,['and'],Lousiana Creole
2,épis,['spice'],Lousiana Creole
3,éroplènn,['airplane'],Lousiana Creole
4,èske,['do you...?'],Lousiana Creole
5,"èskizé, èskiz",['excuse'],Lousiana Creole
6,èspær (pou),['wait (for)'],Lousiana Creole
7,"étærné, étærn",['sneeze'],Lousiana Creole
8,étidyan,['student'],Lousiana Creole
9,"étidyé, étidi",['study'],Lousiana Creole
10,étòné,['surprised'],Lousiana Creole
11,"étoufé, étouf","['stew', ' smother']",Lousiana Creole
12,éyou,['where'],Lousiana Creole
0,Envil,['New Orleans'],Lousiana Creole
1,épi,['and'],Lousiana Creole
2,épis,['spice'],Lousiana Creole
3,éroplènn,['airplane'],Lousiana Creole
4,èske,['do you...?'],Lousiana Creole
5,"èskizé, èskiz",['excuse'],Lousiana Creole
6,èspær (pou),['wait (for)'],Lousiana Creole
7,"étærné, étærn",['sneeze'],Lousiana Creole
8,étidyan,['student'],Lousiana Creole
9,"étidyé, étidi",['study'],Lousiana Creole
10,étòné,['surprised'],Lousiana Creole
11,"étoufé, étouf","['stew', ' smother']",Lousiana Creole
12,éyou,['where'],Lousiana Creole
0,fær-a-shwal,['horseshoe'],Lousiana Creole
1,"færmé, færm","['close', ' shut']",Lousiana Creole
2,famiy,['family'],Lousiana Creole
3,faroush,"['wild', ' untamed']",Lousiana Creole
4,fé,"['do', ' make']",Lousiana Creole
5,fé (sô) dévwa,"[""do one's homework""]",Lousiana Creole
6,fé (sô) lapriyè,"[""say (one's) prayers"", ' pray']",Lousiana Creole
7,fé (sô) ménaj,"[""do one's chores""]",Lousiana Creole
8,fé atensyon,['be careful'],Lousiana Creole
9,fé fars,['joke'],Lousiana Creole
10,fé grosri,['go grocery shopping'],Lousiana Creole
11,fé kado,['give as a gift'],Lousiana Creole
12,fé kòmærs,"['cause trouble', ' make a mess']",Lousiana Creole
13,fé lakònésans (avèk),['meet (someone for the first time)'],Lousiana Creole
14,fé lakour,"['court', ' date']",Lousiana Creole
15,fé lougarou,['stay out late gallivanting'],Lousiana Creole
16,fé mal,['hurt'],Lousiana Creole
17,fé rékòlt,['farm'],Lousiana Creole
18,fé særmen,['swear'],Lousiana Creole
19,fé siñ lakrwa,['cross yourself'],Lousiana Creole
20,fé sô nidé,"[""make up one's mind""]",Lousiana Creole
21,fé sosyété,['throw a party'],Lousiana Creole
22,fé trin,['complain'],Lousiana Creole
23,fé zan,['turn (an age)'],Lousiana Creole
24,fé zyé dou (apré),['make eyes (at)'],Lousiana Creole
0,fèb,['weak'],Lousiana Creole
1,fenm,"['woman', ' wife']",Lousiana Creole
2,(la)fèt,"['birthday', ' party', ' holiday']",Lousiana Creole
3,févi,['okra'],Lousiana Creole
4,fèvriyé,['February'],Lousiana Creole
5,féy,['leaf'],Lousiana Creole
6,fid,['animal feed'],Lousiana Creole
7,(la)figur,['face'],Lousiana Creole
8,fil,"['wire', ' string']",Lousiana Creole
9,fil-a-kroshé,['barbed wire'],Lousiana Creole
10,filé,['filé'],Lousiana Creole
11,fim,['hungry'],Lousiana Creole
12,"fimé, fimm",['smoke tobacco'],Lousiana Creole
13,fimyé,['manure'],Lousiana Creole
14,fin,['end'],Lousiana Creole
15,fin-lasmèn,['weekend'],Lousiana Creole
16,(la)finèt,['window'],Lousiana Creole
17,fini,"['finish', ' complete']",Lousiana Creole
18,fiy,"['girl', ' daughter']",Lousiana Creole
19,fiyèl,['goddaughter'],Lousiana Creole
20,fiyo,['godson'],Lousiana Creole
21,flèri,['bloom'],Lousiana Creole
22,flœr,['flower'],Lousiana Creole
23,fo,['false'],Lousiana Creole
24,fò,['pho (Vietnamese soup)'],Lousiana Creole
0,fon,"['deep', ' depths']",Lousiana Creole
1,fonn,['fun'],Lousiana Creole
2,fonn,['phone'],Lousiana Creole
3,"fònné, fònn",['wilt'],Lousiana Creole
4,fonsé,['dark (of color)'],Lousiana Creole
5,fòr,"['strong', ' loud']",Lousiana Creole
6,foré,['forest'],Lousiana Creole
7,(la)fot,['fault'],Lousiana Creole
8,fou,['crazy'],Lousiana Creole
9,fou,['oven'],Lousiana Creole
10,fou pa mal,"['not care', "" not give a flyin' fiddlestick""]",Lousiana Creole
11,foursh,['pitchfork'],Lousiana Creole
12,fourshèt,['fork (for eating)'],Lousiana Creole
13,foutimen,['extremely'],Lousiana Creole
14,frær,['brother'],Lousiana Creole
15,Françé; françé,['French'],Lousiana Creole
16,frédi,['get cold'],Lousiana Creole
17,frèsh,"['fresh', ' cool']",Lousiana Creole
18,(la)frèsh,"['breeze', ' shade', ' relief']",Lousiana Creole
19,frèt,['cold'],Lousiana Creole
20,fri,['fry'],Lousiana Creole
21,"frikasé, frikas","['fricassee', ' stew', ' stew']",Lousiana Creole
22,fromaj,['cheese'],Lousiana Creole
23,frwi,['fruit'],Lousiana Creole
24,fwa,['time'],Lousiana Creole
0,fyær,['proud'],Lousiana Creole
1,fyansé,['engaged'],Lousiana Creole
0,fèb,['weak'],Lousiana Creole
1,fenm,"['woman', ' wife']",Lousiana Creole
2,(la)fèt,"['birthday', ' party', ' holiday']",Lousiana Creole
3,févi,['okra'],Lousiana Creole
4,fèvriyé,['February'],Lousiana Creole
5,féy,['leaf'],Lousiana Creole
6,fid,['animal feed'],Lousiana Creole
7,(la)figur,['face'],Lousiana Creole
8,fil,"['wire', ' string']",Lousiana Creole
9,fil-a-kroshé,['barbed wire'],Lousiana Creole
10,filé,['filé'],Lousiana Creole
11,fim,['hungry'],Lousiana Creole
12,"fimé, fimm",['smoke tobacco'],Lousiana Creole
13,fimyé,['manure'],Lousiana Creole
14,fin,['end'],Lousiana Creole
15,fin-lasmèn,['weekend'],Lousiana Creole
16,(la)finèt,['window'],Lousiana Creole
17,fini,"['finish', ' complete']",Lousiana Creole
18,fiy,"['girl', ' daughter']",Lousiana Creole
19,fiyèl,['goddaughter'],Lousiana Creole
20,fiyo,['godson'],Lousiana Creole
21,flèri,['bloom'],Lousiana Creole
22,flœr,['flower'],Lousiana Creole
23,fo,['false'],Lousiana Creole
24,fò,['pho (Vietnamese soup)'],Lousiana Creole
0,galimacha,"['jumble', ' mess']",Lousiana Creole
1,galopé laboush,"['chatter', "" run one's mouth""]",Lousiana Creole
2,"galopé, galòp","['run', ' manage']",Lousiana Creole
3,(la)galri,['porch'],Lousiana Creole
4,"ganñé, ganñ","['win', ' earn']",Lousiana Creole
5,gar-manjé,['pantry'],Lousiana Creole
6,garaj,['garage'],Lousiana Creole
7,garçon,"['boy', ' son']",Lousiana Creole
8,"gardé, gar","['look at', ' seem like', ' watch']",Lousiana Creole
9,"garoshé, garòsh",['throw'],Lousiana Creole
10,gato,['cake (general)'],Lousiana Creole
11,gayar,['healthy'],Lousiana Creole
12,gazolinn,['gasoline'],Lousiana Creole
13,gém,['game'],Lousiana Creole
14,géri,"['heal', ' cure']",Lousiana Creole
15,gérison,['cure'],Lousiana Creole
16,"gèté, gèt","['watch', ' look at']",Lousiana Creole
17,gin,['have'],Lousiana Creole
18,gin drwa,['allowed to'],Lousiana Creole
19,gin lashans,['lucky'],Lousiana Creole
20,gin lè,"['seem', ' appear']",Lousiana Creole
21,gin pœr,['afraid'],Lousiana Creole
22,gin pou,['have to'],Lousiana Creole
23,gin rézon,['right'],Lousiana Creole
24,gin toupé,['have nerve'],Lousiana Creole
0,gita,['guitar'],Lousiana Creole
1,(la)glas,"['ice', ' ice cream', ' frost']",Lousiana Creole
2,glasyær,['refrigerator'],Lousiana Creole
3,(la)gli,['slime'],Lousiana Creole
4,gogo,['butt'],Lousiana Creole
5,Gòlf,['Gulf of Mexico'],Lousiana Creole
6,gombo,['gumbo'],Lousiana Creole
7,gonn,"['leave', ' gone']",Lousiana Creole
8,gosh,"['left (as opposed to right)', ' awkward', ' clumsy']",Lousiana Creole
9,gout,['drop'],Lousiana Creole
10,"gouté, gou",['taste'],Lousiana Creole
11,gran,"['big', ' tall']",Lousiana Creole
12,gran-mær/gran-moman,['grandmother/grandma'],Lousiana Creole
13,gran-moun,['grow-up'],Lousiana Creole
14,gran-ouvær,['adjphrwide open'],Lousiana Creole
15,gran-pær/gran-popa,['grandfather/grandpa'],Lousiana Creole
16,gran-paren,['grandparents'],Lousiana Creole
17,gran-ti-zenfan,['great-grandchild'],Lousiana Creole
18,grandi,"['grow up', ' grow']",Lousiana Creole
19,"graté, grat",['scratch'],Lousiana Creole
20,grènn,['seed'],Lousiana Creole
21,gril,['grill'],Lousiana Creole
22,"griyé, griy","['grill', ' roast']",Lousiana Creole
23,gro,"['big', ' fat']",Lousiana Creole
24,gro tem/mové tem,"['bad weather', ' storm']",Lousiana Creole
0,grosi,"['grow', ' grow up', ' get fat']",Lousiana Creole
1,(la)grosri,['grocery store'],Lousiana Creole
2,"grouyé, grouy","['move', ' shake']",Lousiana Creole
0,gita,['guitar'],Lousiana Creole
1,(la)glas,"['ice', ' ice cream', ' frost']",Lousiana Creole
2,glasyær,['refrigerator'],Lousiana Creole
3,(la)gli,['slime'],Lousiana Creole
4,gogo,['butt'],Lousiana Creole
5,Gòlf,['Gulf of Mexico'],Lousiana Creole
6,gombo,['gumbo'],Lousiana Creole
7,gonn,"['leave', ' gone']",Lousiana Creole
8,gosh,"['left (as opposed to right)', ' awkward', ' clumsy']",Lousiana Creole
9,gout,['drop'],Lousiana Creole
10,"gouté, gou",['taste'],Lousiana Creole
11,gran,"['big', ' tall']",Lousiana Creole
12,gran-mær/gran-moman,['grandmother/grandma'],Lousiana Creole
13,gran-moun,['grow-up'],Lousiana Creole
14,gran-ouvær,['adjphrwide open'],Lousiana Creole
15,gran-pær/gran-popa,['grandfather/grandpa'],Lousiana Creole
16,gran-paren,['grandparents'],Lousiana Creole
17,gran-ti-zenfan,['great-grandchild'],Lousiana Creole
18,grandi,"['grow up', ' grow']",Lousiana Creole
19,"graté, grat",['scratch'],Lousiana Creole
20,grènn,['seed'],Lousiana Creole
21,gril,['grill'],Lousiana Creole
22,"griyé, griy","['grill', ' roast']",Lousiana Creole
23,gro,"['big', ' fat']",Lousiana Creole
24,gro tem/mové tem,"['bad weather', ' storm']",Lousiana Creole
0,(la)hansh,['hip'],Lousiana Creole
1,(la)hash,['axe'],Lousiana Creole
2,hé!,['interjhey!'],Lousiana Creole
3,"hélé, hèl","['yell', ' shout']",Lousiana Creole
4,hòl,['dancehall'],Lousiana Creole
5,hont,['shame'],Lousiana Creole
0,ibou,['owl'],Lousiana Creole
1,ifo,['phrneed to (do something)'],Lousiana Creole
2,imid,['humid'],Lousiana Creole
3,impòrtan,['important'],Lousiana Creole
4,impòsib,['impossible'],Lousiana Creole
5,in,"['one', ' a(n)']",Lousiana Creole
6,in lòt/in nòt,['another'],Lousiana Creole
7,in pe,['a little'],Lousiana Creole
8,in ta,['nphra lot'],Lousiana Creole
9,ina,['there is/are'],Lousiana Creole
10,inavé,['there was/were'],Lousiana Creole
11,inik,['unique'],Lousiana Creole
12,Insiswatil,['phrAmen'],Lousiana Creole
13,intérèsé,"['interesting', ' interested']",Lousiana Creole
14,isit,['here'],Lousiana Creole
15,italyin,['Italian'],Lousiana Creole
16,itil,['useful'],Lousiana Creole
17,itou,"['also', ' too']",Lousiana Creole
18,izé,['easy'],Lousiana Creole
19,"izé, iz",['use'],Lousiana Creole
0,jakèt,['jacket'],Lousiana Creole
1,jamb,['leg'],Lousiana Creole
2,jambalaya,['jambalaya'],Lousiana Creole
3,jamé,"['never', ' ever']",Lousiana Creole
4,janvyé,['January'],Lousiana Creole
5,"japé, jap",['bark'],Lousiana Creole
6,jardin,['garden'],Lousiana Creole
7,jardinaj,['vegetables'],Lousiana Creole
8,jédi,['Thursday'],Lousiana Creole
9,"jélé, jèl",['freeze'],Lousiana Creole
10,"jété, jèt","['throw', ' get rid of']",Lousiana Creole
11,jilyèt,['July'],Lousiana Creole
12,jish,['just'],Lousiana Creole
13,jiska,['until'],Lousiana Creole
14,(la)jistis,['justice'],Lousiana Creole
15,jnou,['knee'],Lousiana Creole
16,jœn,['young'],Lousiana Creole
17,joli,"['pretty', ' beautiful']",Lousiana Creole
18,jolimen,"['pretty much', ' essentially', ' basically']",Lousiana Creole
19,"jonglé, jong (pou/enho/apré)",['think about'],Lousiana Creole
20,jonn,['yellow'],Lousiana Creole
21,jòrdi,['today'],Lousiana Creole
22,"joué, jou",['play'],Lousiana Creole
23,jour,['day'],Lousiana Creole
24,(la)journé,"['day', ' daytime']",Lousiana Creole
0,jozé,['blouse'],Lousiana Creole
1,(la)jwa,['joy'],Lousiana Creole
2,jwènn,['meet'],Lousiana Creole
3,jwif,['Jewish'],Lousiana Creole
4,jwin,['June'],Lousiana Creole
0,jozé,['blouse'],Lousiana Creole
1,(la)jwa,['joy'],Lousiana Creole
2,jwènn,['meet'],Lousiana Creole
3,jwif,['Jewish'],Lousiana Creole
4,jwin,['June'],Lousiana Creole
0,kabinèt,['closet'],Lousiana Creole
1,kadjin,['Cajun'],Lousiana Creole
2,Kadjin,['Cajun person'],Lousiana Creole
3,kado,['gift'],Lousiana Creole
4,kafé,['coffee'],Lousiana Creole
5,kagou,['out of sorts'],Lousiana Creole
6,kaka,['poop'],Lousiana Creole
7,kalçon,['underwear'],Lousiana Creole
8,kalin,"['boyfriend', ' lover (male)', ' lazy']",Lousiana Creole
9,kalinn,"['girlfriend', ' lover (female)']",Lousiana Creole
10,kalité,"['kind', ' type', ' sort']",Lousiana Creole
11,kammòmèl,['chamomile'],Lousiana Creole
12,(la)kamponñ,"['country', ' countryside']",Lousiana Creole
13,kan,['when'],Lousiana Creole
14,kanar,['duck'],Lousiana Creole
15,kanay,"['cunning', ' mischievious', ' sly']",Lousiana Creole
16,kanminm,['although'],Lousiana Creole
17,(dé)kann,['sugarcane'],Lousiana Creole
18,kapab,"['able', ' can']",Lousiana Creole
19,kapitènn,['captain'],Lousiana Creole
20,kapo,['coat'],Lousiana Creole
21,karankro,"['buzzard', ' vulture', ' Carencro']",Lousiana Creole
22,karant,['forty'],Lousiana Creole
23,karant-é-ènn,['fourty-one'],Lousiana Creole
24,Karèm,['Lent'],Lousiana Creole
0,Karnaval,['Mardi Gras'],Lousiana Creole
1,karòt,['carrot'],Lousiana Creole
2,kart,['card'],Lousiana Creole
3,"kasé, kas","['break', ' crack', ' shuck', ' shell']",Lousiana Creole
4,kashé,"['hide', ' hidden']",Lousiana Creole
5,kat,['four'],Lousiana Creole
6,Katolik,['Catholic'],Lousiana Creole
7,katòrz,['fourteen'],Lousiana Creole
8,katré-vin,['eighty'],Lousiana Creole
9,katré-vin-dis,['ninety'],Lousiana Creole
10,(la)kav,"['basement', ' pantry']",Lousiana Creole
11,kawènn,['snapping turtle'],Lousiana Creole
12,kayé,['cottage cheese'],Lousiana Creole
13,ke,"['than', ' that']",Lousiana Creole
14,(la)ké,['tail'],Lousiana Creole
15,kék,['cake'],Lousiana Creole
16,kèk,['some'],Lousiana Creole
17,kèk plas,['somewhere'],Lousiana Creole
18,kèk zafær,['something'],Lousiana Creole
19,kèkènn,['prosomeone'],Lousiana Creole
20,kèkènn dòt,['prosomeone else'],Lousiana Creole
21,kèl,"['which', ' what']",Lousiana Creole
22,kèl...?,['what...?'],Lousiana Creole
23,kèstyon,['question'],Lousiana Creole
24,ki,"['who', ' what', ' that (in relative clauses)']",Lousiana Creole
0,ki ça...?,['what...?'],Lousiana Creole
1,ki çé...?,['what...?'],Lousiana Creole
2,ki moun,['conjphrwho'],Lousiana Creole
3,ki...?,['what...?'],Lousiana Creole
4,kiki,['onomhaha'],Lousiana Creole
5,kilot,['pants'],Lousiana Creole
6,kilot kout,['nphrshorts'],Lousiana Creole
7,kinz,['fifteen'],Lousiana Creole
8,kiréy,['squirrel'],Lousiana Creole
9,kiriyé,"['curious', ' nosy']",Lousiana Creole
10,kishòj,"['thing', ' something']",Lousiana Creole
11,"kité, kit","['leave', ' let']",Lousiana Creole
12,kiyær,['spoon'],Lousiana Creole
13,(la)kizinn,['kitchen'],Lousiana Creole
14,klær,"['clear', ' light (said of skin)', ' clearly']",Lousiana Creole
15,klærmen,['clearly'],Lousiana Creole
16,(la)klé,['key'],Lousiana Creole
17,klo,['field'],Lousiana Creole
18,klo lwil,['oilfield'],Lousiana Creole
19,klœb,"['club', ' nightclub']",Lousiana Creole
20,klou,['nail'],Lousiana Creole
21,klouk,['male genitalia'],Lousiana Creole
22,"klouyé, klou",['nail'],Lousiana Creole
23,kœr,['heart'],Lousiana Creole
24,kòfær,['why'],Lousiana Creole
0,kokiy,['shell'],Lousiana Creole
1,kokodri,['alligator'],Lousiana Creole
2,kolær,"['anger', ' angry']",Lousiana Creole
3,kòmærs,['gossip'],Lousiana Creole
4,kombyin,['how many'],Lousiana Creole
5,komen,['how'],Lousiana Creole
6,"komensé, komens","['start', ' begin']",Lousiana Creole
7,komod,['toilet'],Lousiana Creole
8,(la)kompoñi,['company (people)'],Lousiana Creole
9,komprenn,['understand'],Lousiana Creole
10,koné,"['know', ' can', ' able']",Lousiana Creole
11,koné,['do regularly'],Lousiana Creole
12,"koñé, koñ","['hit', ' strike', ' bump']",Lousiana Creole
13,(la)kònésans,['act of meeting someone'],Lousiana Creole
14,konm,['like'],Lousiana Creole
15,konm-çi-kom-ça,['adjphrso-so'],Lousiana Creole
16,konsèy,['advice'],Lousiana Creole
17,konten,['happy'],Lousiana Creole
18,kontiné,['continue'],Lousiana Creole
19,konværsasyon,['conversation'],Lousiana Creole
20,kòp,['cup'],Lousiana Creole
21,kòrèk,"['correct', ' fine']",Lousiana Creole
22,korish,['rooster'],Lousiana Creole
23,kòrn,['horn'],Lousiana Creole
24,koshon,['pig'],Lousiana Creole
0,koté,"['at', ' near']",Lousiana Creole
1,koton,['cotton'],Lousiana Creole
2,kòton-mayi,['corncob'],Lousiana Creole
3,kou,['neck'],Lousiana Creole
4,koulœr,['color'],Lousiana Creole
5,koundjay,['type of dance'],Lousiana Creole
6,"koupé, koup",['cut'],Lousiana Creole
7,(la)kour,['yard'],Lousiana Creole
8,kouri,['go'],Lousiana Creole
9,"koushé, koush","['go to bed', ' lie down']",Lousiana Creole
10,koushkoush,['cornbread with sugar and milk'],Lousiana Creole
11,koushmar,['nightmare'],Lousiana Creole
12,kout,['short'],Lousiana Creole
13,"kouté, kout","['listen', ' cost']",Lousiana Creole
14,kouto,['knife'],Lousiana Creole
15,kouvær,"['cloudy', ' covered']",Lousiana Creole
16,kouzin,['cousin (male or female)'],Lousiana Creole
17,kouzinn,['cousin (female)'],Lousiana Creole
18,"kozé, kòz",['chat'],Lousiana Creole
19,krab,['crab'],Lousiana Creole
20,krapo,['toad'],Lousiana Creole
21,"krashé, krash",['spit'],Lousiana Creole
22,krébis,['crawfish'],Lousiana Creole
23,"krèvé, krèv",['die'],Lousiana Creole
24,kréyòl,['Creole'],Lousiana Creole
0,Kréyòl,['Creole person'],Lousiana Creole
1,Krismis,['Christmas'],Lousiana Creole
2,krò,"['believe', ' think']",Lousiana Creole
3,kròt,['poop'],Lousiana Creole
4,kwa,['what'],Lousiana Creole
5,kwi,['cook'],Lousiana Creole
0,Karnaval,['Mardi Gras'],Lousiana Creole
1,karòt,['carrot'],Lousiana Creole
2,kart,['card'],Lousiana Creole
3,"kasé, kas","['break', ' crack', ' shuck', ' shell']",Lousiana Creole
4,kashé,"['hide', ' hidden']",Lousiana Creole
5,kat,['four'],Lousiana Creole
6,Katolik,['Catholic'],Lousiana Creole
7,katòrz,['fourteen'],Lousiana Creole
8,katré-vin,['eighty'],Lousiana Creole
9,katré-vin-dis,['ninety'],Lousiana Creole
10,(la)kav,"['basement', ' pantry']",Lousiana Creole
11,kawènn,['snapping turtle'],Lousiana Creole
12,kayé,['cottage cheese'],Lousiana Creole
13,ke,"['than', ' that']",Lousiana Creole
14,(la)ké,['tail'],Lousiana Creole
15,kék,['cake'],Lousiana Creole
16,kèk,['some'],Lousiana Creole
17,kèk plas,['somewhere'],Lousiana Creole
18,kèk zafær,['something'],Lousiana Creole
19,kèkènn,['prosomeone'],Lousiana Creole
20,kèkènn dòt,['prosomeone else'],Lousiana Creole
21,kèl,"['which', ' what']",Lousiana Creole
22,kèl...?,['what...?'],Lousiana Creole
23,kèstyon,['question'],Lousiana Creole
24,ki,"['who', ' what', ' that (in relative clauses)']",Lousiana Creole
0,la,"['there', ' here', ' then']",Lousiana Creole
1,-la,['detthe'],Lousiana Creole
2,"la, le, lê",['detthe'],Lousiana Creole
3,laba,['lahanshhansh'],Lousiana Creole
-1,,['lahashhash'],
0,,,Lousiana Creole
1,,['lajaj'],
2,,,Lousiana Creole
3,,['lajistisjistis'],
4,,,Lousiana Creole
5,,['lajournéjourné'],
6,,,Lousiana Creole
7,,['lajwajwa'],
8,,,Lousiana Creole
9,,['lakamponñkamponñ'],
10,,,Lousiana Creole
11,,['lakannkann'],
12,,,Lousiana Creole
13,,['lakavkav'],
14,,,Lousiana Creole
15,,['lakéké'],
16,,,Lousiana Creole
17,,['lakizinnkizinn'],
18,,,Lousiana Creole
19,,['lakléklé'],
20,,,Lousiana Creole
21,,['lakompoñikompoñi'],
22,,,Lousiana Creole
23,,['lakònésanskònésans'],
24,,,Lousiana Creole
25,,['lakourkour'],
26,,,Lousiana Creole
27,,['lalamplamp'],
28,,,Lousiana Creole
29,,['lalannglanng'],
30,,,Lousiana Creole
31,,['lalimyærlimyær'],
32,,,Lousiana Creole
33,,['lalinnlinn'],
34,,,Lousiana Creole
35,,['lalotrilotri'],
36,,,Lousiana Creole
37,,['LalwizyannLwizyann'],
38,,,Lousiana Creole
39,,['lamærmær'],
40,,,Lousiana Creole
41,,['lamèsmès'],
42,,,Lousiana Creole
43,,['lamézonmézon'],
44,,,Lousiana Creole
45,,['laminmin'],
46,,,Lousiana Creole
47,,['lamiraymiray'],
48,,,Lousiana Creole
-1,,['lamizærmizær'],
0,,,Lousiana Creole
1,,['lamizikmizik'],
2,,,Lousiana Creole
3,,['lamòchémòché'],
4,,,Lousiana Creole
5,,['lamòrmòr'],
6,,,Lousiana Creole
7,,['lamouramour'],
8,,,Lousiana Creole
9,,['lamourèamourè'],
10,,,Lousiana Creole
11,,['lamoutardmoutard'],
12,,,Lousiana Creole
14,(la)lamp,['lamp'],Lousiana Creole
15,lañap,['lanèjnèj'],Lousiana Creole
16,(la)lanng,['lapaypay'],Lousiana Creole
17,lapé,['larimmrimm'],Lousiana Creole
-1,,['larivyærrivyær'],
0,,,Lousiana Creole
2,larjen,['larozérozé'],Lousiana Creole
3,las,['lashansshans'],Lousiana Creole
4,lashas,['latizanntizann'],Lousiana Creole
5,"lavé, lav",['lavilvil'],Lousiana Creole
6,Lavilvil,['New Orleans'],Lousiana Creole
7,Lavonn,['lavyannvyann'],Lousiana Creole
0,lay,['garlic'],Lousiana Creole
1,léçon,"['lesson', ' moral']",Lousiana Creole
2,lèd,['ugly'],Lousiana Creole
3,légliz,['church'],Lousiana Creole
4,léjé,"['light', ' thin']",Lousiana Creole
5,lékòl,['school'],Lousiana Creole
6,léritaj,['heritage'],Lousiana Creole
7,lès,"['east', ' eastern']",Lousiana Creole
8,"lésé, lès","['leave', ' let']",Lousiana Creole
9,lèskalyé,"['stairs', ' staircase']",Lousiana Creole
10,Lèspañol,"['Spanish (language)', ' Spaniard']",Lousiana Creole
11,lèspri,"['spirit', ' intelligence']",Lousiana Creole
12,lèstoma,"['belly', ' stomach']",Lousiana Creole
13,léta,['state'],Lousiana Creole
14,Létazini,['USA'],Lousiana Creole
15,lété,['summer'],Lousiana Creole
16,létwal,['star'],Lousiana Creole
17,"lévé, lèv","['get up', ' raise']",Lousiana Creole
18,lézar,['lézòtzòt'],Lousiana Creole
19,li,"['prohe', ' she', ' it']",Lousiana Creole
20,liméro/niméro,['number'],Lousiana Creole
21,limon,['lemon'],Lousiana Creole
22,(la)limyær,['light'],Lousiana Creole
23,lindi,['Monday'],Lousiana Creole
0,linèt,['glasses'],Lousiana Creole
1,linj,['clothes'],Lousiana Creole
2,"linmé, linm","['love', ' like']",Lousiana Creole
3,(la)linn,['moon'],Lousiana Creole
4,linstrumen,['musical instrument'],Lousiana Creole
5,lir,['read'],Lousiana Creole
6,lis,['list'],Lousiana Creole
7,listwar,['story'],Lousiana Creole
8,lit,['bed'],Lousiana Creole
9,liv,"['book', ' pound (unit of measurement)']",Lousiana Creole
10,livær,['winter'],Lousiana Creole
11,lœr,"['hour', "" o'clock""]",Lousiana Creole
12,lofis,['lombrajombraj'],Lousiana Creole
13,lonch,['lunch'],Lousiana Creole
14,lontem,['long time'],Lousiana Creole
15,lontem pasé,['advphrlong time ago'],Lousiana Creole
16,lopital,['hospital'],Lousiana Creole
17,lòragan,"['hurricane', ' storm']",Lousiana Creole
18,lòt,['other'],Lousiana Creole
19,lotòn,"['autumn', ' fall']",Lousiana Creole
20,(la)lotri,['lottery'],Lousiana Creole
21,"loué, lou",['rent'],Lousiana Creole
22,lougarou,['werewolf'],Lousiana Creole
23,lour,['heavy'],Lousiana Creole
0,louvraj,['work'],Lousiana Creole
1,lwil,['oil'],Lousiana Creole
2,lwin,['far'],Lousiana Creole
3,(La)Lwizyann,['Louisiana'],Lousiana Creole
-1,,['lahashhash'],
0,,,Lousiana Creole
1,,['lajaj'],
2,,,Lousiana Creole
3,,['lajistisjistis'],
4,,,Lousiana Creole
5,,['lajournéjourné'],
6,,,Lousiana Creole
7,,['lajwajwa'],
8,,,Lousiana Creole
9,,['lakamponñkamponñ'],
10,,,Lousiana Creole
11,,['lakannkann'],
12,,,Lousiana Creole
13,,['lakavkav'],
14,,,Lousiana Creole
15,,['lakéké'],
16,,,Lousiana Creole
17,,['lakizinnkizinn'],
18,,,Lousiana Creole
19,,['lakléklé'],
20,,,Lousiana Creole
21,,['lakompoñikompoñi'],
22,,,Lousiana Creole
23,,['lakònésanskònésans'],
24,,,Lousiana Creole
25,,['lakourkour'],
26,,,Lousiana Creole
27,,['lalamplamp'],
28,,,Lousiana Creole
29,,['lalannglanng'],
30,,,Lousiana Creole
31,,['lalimyærlimyær'],
32,,,Lousiana Creole
33,,['lalinnlinn'],
34,,,Lousiana Creole
35,,['lalotrilotri'],
36,,,Lousiana Creole
37,,['LalwizyannLwizyann'],
38,,,Lousiana Creole
39,,['lamærmær'],
40,,,Lousiana Creole
41,,['lamèsmès'],
42,,,Lousiana Creole
43,,['lamézonmézon'],
44,,,Lousiana Creole
45,,['laminmin'],
46,,,Lousiana Creole
47,,['lamiraymiray'],
48,,,Lousiana Creole
0,madamm,"['Mrs.', "" ma'am"", ' lady', ' wife']",Lousiana Creole
1,mær,['mother'],Lousiana Creole
2,(la)mær,['ocean'],Lousiana Creole
3,mærkrédi,['Wednesday'],Lousiana Creole
4,Mærkrédi-dê-Senn,['nphrAsh Wednesday'],Lousiana Creole
5,mærsi,['interjthanks'],Lousiana Creole
6,mal,['evil'],Lousiana Creole
7,mal-lagòrj/mal-de-gòrj,['nphrsore throat'],Lousiana Creole
8,mal-latèt/mal-de-tèt,['nphrheadache'],Lousiana Creole
9,mal-o-den,['toothache'],Lousiana Creole
10,mal-o-do,['backache'],Lousiana Creole
11,mal-o-kœr,['heartburn'],Lousiana Creole
12,mal-o-vent,['stomach ache'],Lousiana Creole
13,mal-zòrèy,['earache'],Lousiana Creole
14,malad,['sick'],Lousiana Creole
15,maléré,"['poor', ' unfortunate', ' sad']",Lousiana Creole
16,malèrèzmen,['unfortunately'],Lousiana Creole
17,malgré,['although'],Lousiana Creole
18,malin,"['clever', ' sly']",Lousiana Creole
19,"mandé, mand",['ask'],Lousiana Creole
20,manjé,['food'],Lousiana Creole
21,"manjé, manj",['eat'],Lousiana Creole
22,"manké, mank","['miss', ' almost do something']",Lousiana Creole
23,mardi,['Tuesday'],Lousiana Creole
24,marènn,['godmother'],Lousiana Creole
0,mari,['husband'],Lousiana Creole
1,maringwin,['mosquito'],Lousiana Creole
2,"mariyé, mari",['marry'],Lousiana Creole
3,maron,['brown'],Lousiana Creole
4,mars,['March'],Lousiana Creole
5,"marshé, marsh",['walk'],Lousiana Creole
6,maryaj,['marriage'],Lousiana Creole
7,mashinn,"['machine', ' motor']",Lousiana Creole
8,mayi,['corn'],Lousiana Creole
9,mé,['May'],Lousiana Creole
10,mé,['but'],Lousiana Creole
11,médsinn,['medicine'],Lousiana Creole
12,"mèlé, mèl",['mix'],Lousiana Creole
13,méli-mélanj,['mix'],Lousiana Creole
14,"ménajé, ménaj","['use sparingly', ' economize']",Lousiana Creole
15,"ménné, mènn","['bring', ' haul']",Lousiana Creole
16,ménné/fé lembara,['cause trouble'],Lousiana Creole
17,"menti, men",['lie'],Lousiana Creole
18,Mérikin,"['American', ' English language']",Lousiana Creole
19,(la)mès,"['church', ' mass']",Lousiana Creole
20,mèsi,['interjthanks'],Lousiana Creole
21,mèt,"['put', ' put on']",Lousiana Creole
22,mèt-(d)-lékol/mèt,['nphrteacher (male)'],Lousiana Creole
23,métrès,['nphrteacher (female)'],Lousiana Creole
24,méyœr,"['better', ' best']",Lousiana Creole
0,(la)mézon,['house'],Lousiana Creole
1,midi,['noon'],Lousiana Creole
2,mil,"['thousand', ' mile']",Lousiana Creole
3,milé,['mule'],Lousiana Creole
4,(la)min,['hand'],Lousiana Creole
5,minm,"['same', ' even']",Lousiana Creole
6,-minm,"['proreflexive pronoun', ' -self']",Lousiana Creole
7,minn,['mean'],Lousiana Creole
8,mir,['ripe'],Lousiana Creole
9,(dé)mir,['berry'],Lousiana Creole
10,(la)miray,['wall'],Lousiana Creole
11,miryaj,['cloud'],Lousiana Creole
12,misyé,"['Mr.', ' sir', ' gentleman']",Lousiana Creole
13,(la)mizær,"['misery', ' trouble']",Lousiana Creole
14,(la)mizik,['music'],Lousiana Creole
15,mizisyin,['musician'],Lousiana Creole
16,(dé)mlon,['melon'],Lousiana Creole
17,mo,['proI (subject)'],Lousiana Creole
18,mò,['prome (object)'],Lousiana Creole
19,mô,['detmy'],Lousiana Creole
20,(la)mòché,['half of'],Lousiana Creole
21,mòché-frær,['half-brother'],Lousiana Creole
22,mòché-sœr,['half-sister'],Lousiana Creole
23,moman,['mom'],Lousiana Creole
24,montañ,['mountain'],Lousiana Creole
0,"monté, mont",['ride'],Lousiana Creole
1,"montré, mont","['teach', ' show']",Lousiana Creole
2,(la)mòr,['death'],Lousiana Creole
3,mòr,['dead'],Lousiana Creole
4,mòrd,"['bite', ' sting']",Lousiana Creole
5,mòrso,['little piece'],Lousiana Creole
6,moun,['person'],Lousiana Creole
7,mouri,['die'],Lousiana Creole
8,(dé)moush,['fly'],Lousiana Creole
9,moush-a-myèl,['honeybee'],Lousiana Creole
10,moustash,['mustache'],Lousiana Creole
11,(la)moutard,['mustard'],Lousiana Creole
12,mouton,['sheep'],Lousiana Creole
13,"mouyé, mouy","['wet', ' rain']",Lousiana Creole
14,mové,['bad'],Lousiana Creole
15,mòyær,"['way (of doing)', ' kinda']",Lousiana Creole
16,mwins,['less'],Lousiana Creole
17,myé,['better'],Lousiana Creole
0,mari,['husband'],Lousiana Creole
1,maringwin,['mosquito'],Lousiana Creole
2,"mariyé, mari",['marry'],Lousiana Creole
3,maron,['brown'],Lousiana Creole
4,mars,['March'],Lousiana Creole
5,"marshé, marsh",['walk'],Lousiana Creole
6,maryaj,['marriage'],Lousiana Creole
7,mashinn,"['machine', ' motor']",Lousiana Creole
8,mayi,['corn'],Lousiana Creole
9,mé,['May'],Lousiana Creole
10,mé,['but'],Lousiana Creole
11,médsinn,['medicine'],Lousiana Creole
12,"mèlé, mèl",['mix'],Lousiana Creole
13,méli-mélanj,['mix'],Lousiana Creole
14,"ménajé, ménaj","['use sparingly', ' economize']",Lousiana Creole
15,"ménné, mènn","['bring', ' haul']",Lousiana Creole
16,ménné/fé lembara,['cause trouble'],Lousiana Creole
17,"menti, men",['lie'],Lousiana Creole
18,Mérikin,"['American', ' English language']",Lousiana Creole
19,(la)mès,"['church', ' mass']",Lousiana Creole
20,mèsi,['interjthanks'],Lousiana Creole
21,mèt,"['put', ' put on']",Lousiana Creole
22,mèt-(d)-lékol/mèt,['nphrteacher (male)'],Lousiana Creole
23,métrès,['nphrteacher (female)'],Lousiana Creole
24,méyœr,"['better', ' best']",Lousiana Creole
0,"najé, naj",['swim'],Lousiana Creole
1,namm,['soul'],Lousiana Creole
2,nanglé,['English language'],Lousiana Creole
3,napa,['bait'],Lousiana Creole
4,narb,['tree'],Lousiana Creole
5,natirèl,['natural'],Lousiana Creole
6,né,['born'],Lousiana Creole
7,"nèf, nœf",['nine'],Lousiana Creole
8,(la)nèj,['snow'],Lousiana Creole
9,"néjé, nèj",['snow'],Lousiana Creole
10,népi-mayi,['nphrear of corn'],Lousiana Creole
11,"nètwayé, nètwa",['clean'],Lousiana Creole
12,névé,['nephew'],Lousiana Creole
13,nidé,"['idea', ' mind', ' thought']",Lousiana Creole
14,nik,['nest'],Lousiana Creole
15,nimpòrt (ki),"['any', ' whatever', ' whichever']",Lousiana Creole
16,nimpòrt éyou,['nphranywhere'],Lousiana Creole
17,nimpòrt ki moun,['nphranybody'],Lousiana Creole
18,nimpòrt ki plas,['nphranywhere'],Lousiana Creole
19,nimpòrt ki zafær,['nphranything'],Lousiana Creole
20,nimpòrt kishòj,['nphranything'],Lousiana Creole
21,nivo,['level'],Lousiana Creole
22,nô,['detour'],Lousiana Creole
23,"no, nouzòt",['prowe (subject)'],Lousiana Creole
24,nom,['name'],Lousiana Creole
0,nom-d-famiy,['surname'],Lousiana Creole
1,nom-d-maryaj,['married name'],Lousiana Creole
2,non,['interjno'],Lousiana Creole
3,non pli,"['anymore', ' either']",Lousiana Creole
4,nonk,['uncle'],Lousiana Creole
5,nonm,['man'],Lousiana Creole
6,nòr,['north'],Lousiana Creole
7,nora,['there will be'],Lousiana Creole
8,nòtis,['sign'],Lousiana Creole
9,"nou, nouzòt",['prous (object)'],Lousiana Creole
10,Nouvèl-Òrléan,['New Orleans'],Lousiana Creole
11,nouvo,['new'],Lousiana Creole
12,novemb,['November'],Lousiana Creole
13,nwa,['nut'],Lousiana Creole
14,nwaj,['cloud'],Lousiana Creole
15,nwar,['black'],Lousiana Creole
16,"nwayé, nway",['drown'],Lousiana Creole
17,Nwèl,['Christmas'],Lousiana Creole
18,(la)nwit,['night'],Lousiana Creole
19,nyès,['niece'],Lousiana Creole
0,nom-d-famiy,['surname'],Lousiana Creole
1,nom-d-maryaj,['married name'],Lousiana Creole
2,non,['interjno'],Lousiana Creole
3,non pli,"['anymore', ' either']",Lousiana Creole
4,nonk,['uncle'],Lousiana Creole
5,nonm,['man'],Lousiana Creole
6,nòr,['north'],Lousiana Creole
7,nora,['there will be'],Lousiana Creole
8,nòtis,['sign'],Lousiana Creole
9,"nou, nouzòt",['prous (object)'],Lousiana Creole
10,Nouvèl-Òrléan,['New Orleans'],Lousiana Creole
11,nouvo,['new'],Lousiana Creole
12,novemb,['November'],Lousiana Creole
13,nwa,['nut'],Lousiana Creole
14,nwaj,['cloud'],Lousiana Creole
15,nwar,['black'],Lousiana Creole
16,"nwayé, nway",['drown'],Lousiana Creole
17,Nwèl,['Christmas'],Lousiana Creole
18,(la)nwit,['night'],Lousiana Creole
19,nyès,['niece'],Lousiana Creole
0,obòr isit,['around here'],Lousiana Creole
1,ofon,['the bottom'],Lousiana Creole
2,okipé,['busy'],Lousiana Creole
3,oktòb,['October'],Lousiana Creole
4,olé,['want'],Lousiana Creole
5,(l)ombraj,['shade'],Lousiana Creole
6,omwin,['at least'],Lousiana Creole
7,onz,['eleven'],Lousiana Creole
8,opré,['nearby'],Lousiana Creole
9,ora,"['near', ' around']",Lousiana Creole
10,orévwar,['interjgoodbye'],Lousiana Creole
11,osi…ke,['adjphras…as'],Lousiana Creole
12,osike,['advphras soon as'],Lousiana Creole
13,osit,"['also', ' too']",Lousiana Creole
14,"oté, ot","['take off', ' remove']",Lousiana Creole
15,ou,['or'],Lousiana Creole
16,ouvraj,['work'],Lousiana Creole
17,"ouvri, ouvær",['open'],Lousiana Creole
18,Ozilinwa,['Illinois'],Lousiana Creole
0,pa,"['negative marker', ' not']",Lousiana Creole
1,pa ditou,['not at all'],Lousiana Creole
2,pa enkòr,['not yet'],Lousiana Creole
3,pa gran-shòj,['not much'],Lousiana Creole
4,pa nil-plas,['nowhere'],Lousiana Creole
5,pa-d-kwa,"[""phryou're welcome""]",Lousiana Creole
6,padna,['friend'],Lousiana Creole
7,pær,['father'],Lousiana Creole
8,pærd,['lose'],Lousiana Creole
9,pærdi,['lost'],Lousiana Creole
10,(pa) pærsonn,['no one'],Lousiana Creole
11,Pak,['Easter'],Lousiana Creole
12,pakònn,['pecan'],Lousiana Creole
13,pantalon,['pants'],Lousiana Creole
14,par ègzamp,['expfor example'],Lousiana Creole
15,paradi,['heaven'],Lousiana Creole
16,"pardonné, pardonn",['forgive'],Lousiana Creole
17,paré,['ready'],Lousiana Creole
18,paren,"['parent', ' relative']",Lousiana Creole
19,parésé,['lazy'],Lousiana Creole
20,paréy,"['same', ' similar']",Lousiana Creole
21,parin,['godfather'],Lousiana Creole
22,"parlé, parl",['speak'],Lousiana Creole
23,paròl,['word'],Lousiana Creole
24,parske,['because'],Lousiana Creole
0,"partajé, partaj",['share'],Lousiana Creole
1,"parti, par",['leave'],Lousiana Creole
2,pasé,['ago'],Lousiana Creole
3,"pasé, pas","['pass', ' pass away']",Lousiana Creole
4,(la)pat,"['paw', ' leg or foot (of animal)']",Lousiana Creole
5,patasa,['sunfish'],Lousiana Creole
6,patat,"['potato', ' sweet potato']",Lousiana Creole
7,patat dous,['sweet potato'],Lousiana Creole
8,"patouyé, patouy",['splash around'],Lousiana Creole
9,pay,['pie'],Lousiana Creole
10,(la)pay,"['straw', ' husk']",Lousiana Creole
11,pe,"['able to', ' can']",Lousiana Creole
12,pé,"['shut up', ' quiet']",Lousiana Creole
13,"pèlé, pèl","['call', ' be named (reflexive)']",Lousiana Creole
14,pélikan,['pelican'],Lousiana Creole
15,pendan,"['during', ' while']",Lousiana Creole
16,penn,['hang'],Lousiana Creole
17,"pensé, pens",['think'],Lousiana Creole
18,"pèshé, pèsh","['prevent', ' fish', ' sin']",Lousiana Creole
19,péshœr,"['fisher', ' sinner']",Lousiana Creole
20,petèt,['maybe'],Lousiana Creole
21,"péyé, péy",['pay'],Lousiana Creole
22,péyi,"['country', ' nation']",Lousiana Creole
23,pi,['then'],Lousiana Creole
24,pikan,"['sticker', ' thorn']",Lousiana Creole
0,pimen,['pepper (vegetable)'],Lousiana Creole
1,pimenté,"['spice', ' spicy', ' spiced']",Lousiana Creole
2,pipi,['pee'],Lousiana Creole
3,piti,['child'],Lousiana Creole
4,piti,"['small', ' little']",Lousiana Creole
5,pla,"['plate', ' dish (of food)']",Lousiana Creole
6,plakminn,['persimmon'],Lousiana Creole
7,planshé,['floor'],Lousiana Creole
8,plant,['plant'],Lousiana Creole
9,"planté, plant",['plant'],Lousiana Creole
10,plas,"['place', ' space']",Lousiana Creole
11,play,['beach'],Lousiana Creole
12,plènn,['plain'],Lousiana Creole
13,pléri,['prairie'],Lousiana Creole
14,plézir,['pleasure'],Lousiana Creole
15,(la)pli,['rain'],Lousiana Creole
16,pli…ke,['adjphrmore…than'],Lousiana Creole
17,pli(s),['more'],Lousiana Creole
18,plin,"['full', ' a lot']",Lousiana Creole
19,plizyær,['many'],Lousiana Creole
20,(la)plòt,['ball'],Lousiana Creole
21,(la)po,['skin'],Lousiana Creole
22,pœr,"['fear', ' afraid']",Lousiana Creole
23,pokapok,['so-so'],Lousiana Creole
24,polis,['police'],Lousiana Creole
0,popa,['dad'],Lousiana Creole
1,pòrt,['door'],Lousiana Creole
2,"pòrté, pòrt","['bring', ' wear']",Lousiana Creole
3,pòrtré,"['picture', ' photo', ' movie']",Lousiana Creole
4,pou,"['for', ' about', ' to']",Lousiana Creole
5,pou sûr,"['advphrfor sure', ' definitely']",Lousiana Creole
6,(la)poud,"['powder', ' dust', ' gunpowder']",Lousiana Creole
7,poul,"['chicken', ' hen']",Lousiana Creole
8,poulayé,['henhouse'],Lousiana Creole
9,"pousé, pous","['push', ' grow']",Lousiana Creole
10,(la)pousyær,['dust'],Lousiana Creole
11,"(ré)pozé, poz","['rest', ' relax (sometimes reflexive)']",Lousiana Creole
12,pré,"['near', ' close']",Lousiana Creole
13,prèmyé,['first'],Lousiana Creole
14,prenn,['take'],Lousiana Creole
15,prèsk,['almost'],Lousiana Creole
16,printem,['spring'],Lousiana Creole
17,"priyé, priy",['pray'],Lousiana Creole
18,prizon,['prison'],Lousiana Creole
19,promèt,['promise'],Lousiana Creole
20,pròsh,"['near', ' nearly', ' almost']",Lousiana Creole
21,proshin,['next'],Lousiana Creole
22,"protéjé, protèj",['protect'],Lousiana Creole
23,pur,['pure'],Lousiana Creole
24,(dé)pwa,['green peas'],Lousiana Creole
0,(la)pwal,['frying pan'],Lousiana Creole
1,(dé)pwar,['pear'],Lousiana Creole
2,pwason,['fish'],Lousiana Creole
3,pwason-armé,['gar (fish)'],Lousiana Creole
4,pyas,['dollar'],Lousiana Creole
5,pyé,['foot'],Lousiana Creole
6,"pyoshé, pyòsh","['hoe', ' dig']",Lousiana Creole
0,"partajé, partaj",['share'],Lousiana Creole
1,"parti, par",['leave'],Lousiana Creole
2,pasé,['ago'],Lousiana Creole
3,"pasé, pas","['pass', ' pass away']",Lousiana Creole
4,(la)pat,"['paw', ' leg or foot (of animal)']",Lousiana Creole
5,patasa,['sunfish'],Lousiana Creole
6,patat,"['potato', ' sweet potato']",Lousiana Creole
7,patat dous,['sweet potato'],Lousiana Creole
8,"patouyé, patouy",['splash around'],Lousiana Creole
9,pay,['pie'],Lousiana Creole
10,(la)pay,"['straw', ' husk']",Lousiana Creole
11,pe,"['able to', ' can']",Lousiana Creole
12,pé,"['shut up', ' quiet']",Lousiana Creole
13,"pèlé, pèl","['call', ' be named (reflexive)']",Lousiana Creole
14,pélikan,['pelican'],Lousiana Creole
15,pendan,"['during', ' while']",Lousiana Creole
16,penn,['hang'],Lousiana Creole
17,"pensé, pens",['think'],Lousiana Creole
18,"pèshé, pèsh","['prevent', ' fish', ' sin']",Lousiana Creole
19,péshœr,"['fisher', ' sinner']",Lousiana Creole
20,petèt,['maybe'],Lousiana Creole
21,"péyé, péy",['pay'],Lousiana Creole
22,péyi,"['country', ' nation']",Lousiana Creole
23,pi,['then'],Lousiana Creole
24,pikan,"['sticker', ' thorn']",Lousiana Creole
0,ra,['rat'],Lousiana Creole
1,ra-d-bwa,['possum'],Lousiana Creole
2,"ramasé, ramas","['gather', ' pick up', ' collect']",Lousiana Creole
3,"ranjé, ranj","['fix', ' repair', ' arrange', ' prepare']",Lousiana Creole
4,"raplé, rapèl",['remember'],Lousiana Creole
5,rar,['rare'],Lousiana Creole
6,(la)ras,['race'],Lousiana Creole
7,ravé,['cockroach'],Lousiana Creole
8,rékòlt,"['harvest', ' crop']",Lousiana Creole
9,rémèd,"['remedy', ' medicine']",Lousiana Creole
10,"rentré, rent","['enter', ' return', ' come home']",Lousiana Creole
11,réponn,"['answer', ' respond']",Lousiana Creole
12,répons,"['répozé, répozpozé, poz']",Lousiana Creole
13,"rèshté, rèshèt","['vomit', ' throw up']",Lousiana Creole
14,rèspé,['respect'],Lousiana Creole
15,"rèspèkté, rèspèk",['respect'],Lousiana Creole
16,"rèsté, rès","['stay', ' remain', ' habitate', ' live', ' dwell']",Lousiana Creole
17,rèv,['dream'],Lousiana Creole
18,"rèvé, rèv",['dream'],Lousiana Creole
19,(la)rimm,"['cold (sickness)', ' flu']",Lousiana Creole
20,(la)rivyær,['river'],Lousiana Creole
21,ròb,['dress'],Lousiana Creole
22,"rodayé, roday","['travel on the road', ' roam', ' gallivant']",Lousiana Creole
23,rodayœr,['traveller'],Lousiana Creole
0,roti,"['roast', ' grill']",Lousiana Creole
1,rouyé,"['rusted', ' rusty']",Lousiana Creole
2,roz,['pink'],Lousiana Creole
3,(la)rozé,['dew'],Lousiana Creole
0,roti,"['roast', ' grill']",Lousiana Creole
1,rouyé,"['rusted', ' rusty']",Lousiana Creole
2,roz,['pink'],Lousiana Creole
3,(la)rozé,['dew'],Lousiana Creole
0,sa,"['future marker', ' will be']",Lousiana Creole
1,særmen,"['swear', ' promise']",Lousiana Creole
2,"særvi, sær",['use'],Lousiana Creole
3,"safré, saf","['eat (of animals)', ' eat like an animal (of humans)']",Lousiana Creole
4,(la)sal,['room'],Lousiana Creole
5,sal,['dirty'],Lousiana Creole
6,sal-a-manjé,['dining room'],Lousiana Creole
7,(la)salad,['salad'],Lousiana Creole
8,salé,"['salt', ' salted']",Lousiana Creole
9,sali,['get dirty'],Lousiana Creole
10,salon,['living room'],Lousiana Creole
11,Sammdi Sin,['nphrHoly Saturday'],Lousiana Creole
12,san,['without'],Lousiana Creole
13,sanmdi,['Saturday'],Lousiana Creole
14,sasafra,['sassafras'],Lousiana Creole
15,sé,"['conditional marker', ' would be']",Lousiana Creole
16,sèk,['dry'],Lousiana Creole
17,senm,"['seem', ' appear', ' look like']",Lousiana Creole
18,"senti, sen","['feel (reflexive)', ' smell']",Lousiana Creole
19,sèptemb,['September'],Lousiana Creole
20,sèt,['seven'],Lousiana Creole
21,"séyé, séy",['try'],Lousiana Creole
22,sèz,['sixteen'],Lousiana Creole
23,(la)sézon,['season'],Lousiana Creole
24,"sézonné, sézonn","['season', ' seasoned']",Lousiana Creole
0,shær,"['expensive', ' dear']",Lousiana Creole
1,shagrin,"['sorry', ' sad']",Lousiana Creole
2,shak,"['each', ' every']",Lousiana Creole
3,shandèl,['candle'],Lousiana Creole
4,"shanjé, shanj",['change'],Lousiana Creole
5,shanm,"['room', ' bedroom']",Lousiana Creole
6,shanm-a-bin,['bathroom'],Lousiana Creole
7,shanm-a-koushé,['bedroom'],Lousiana Creole
8,(la)shans,"['luck', ' chance']",Lousiana Creole
9,shanson,['song'],Lousiana Creole
10,"shanté, shant",['sing'],Lousiana Creole
11,"shapé, shap","['escape', ' get away']",Lousiana Creole
12,shapo,['hat'],Lousiana Creole
13,shar,['car'],Lousiana Creole
14,"sharé, shar",['chat'],Lousiana Creole
15,"sharshé, sharsh","['seek', ' look for']",Lousiana Creole
16,"shasé, shas",['hunt'],Lousiana Creole
17,shawi,['raccoon'],Lousiana Creole
18,shé,['at the home of'],Lousiana Creole
19,shévé,['hair'],Lousiana Creole
20,shevrèt,['shrimp'],Lousiana Creole
21,shèvréy,['deer'],Lousiana Creole
22,"shiké, shik",['chew'],Lousiana Creole
23,shimij,['shirt'],Lousiana Creole
24,"shiyé, shiy",['shit'],Lousiana Creole
0,shmin,"['road', ' path']",Lousiana Creole
1,sho,['hot'],Lousiana Creole
2,shodyær,"['pot', ' pan']",Lousiana Creole
3,shoké,"['mad', ' angry']",Lousiana Creole
4,(dé)shou,['cabbage'],Lousiana Creole
5,shval,['horse'],Lousiana Creole
6,shyin,['dog'],Lousiana Creole
7,si,"['if', ' so']",Lousiana Creole
8,si tèlmen,"['so (to emphasize an adjective)', ' so much', ' so many']",Lousiana Creole
9,sid,['south'],Lousiana Creole
10,sidès,['southeast'],Lousiana Creole
11,"siflé, sif",['whistle'],Lousiana Creole
12,siñ,['sign'],Lousiana Creole
13,singgo,['nap'],Lousiana Creole
14,sinkant,['fifty'],Lousiana Creole
15,sinkant-é-ènn,['fifty-one'],Lousiana Creole
16,"sinmé, sinm",['sow'],Lousiana Creole
17,sipozé (pou),['supposed to'],Lousiana Creole
18,"sipozé, sipòz",['suppose'],Lousiana Creole
19,sipré,['Eastern red cedar'],Lousiana Creole
20,sipriyær,"['swamp', ' cypress swamp']",Lousiana Creole
21,sirkonflèks,['circumflex (accent mark)'],Lousiana Creole
22,siro,"['syrup', ' womanizer']",Lousiana Creole
23,sis,['six'],Lousiana Creole
24,"sisé, sis",['suck'],Lousiana Creole
0,"sitoplé, sivouplé",['interjplease'],Lousiana Creole
1,smat,['smart'],Lousiana Creole
2,(la)smènn,['week'],Lousiana Creole
3,so,['interjso (discourse particle)'],Lousiana Creole
4,sô,"['dethis', ' her', ' its']",Lousiana Creole
5,sœl,['alone'],Lousiana Creole
6,sœr,['sister'],Lousiana Creole
7,sofa,"['sofa', ' couch']",Lousiana Creole
8,sol,['willow tree'],Lousiana Creole
9,soléy,['sun'],Lousiana Creole
10,soléy-koushé,['sunset'],Lousiana Creole
11,soléy-lévé,['sunrise'],Lousiana Creole
12,sòrti salé,['turn out bad'],Lousiana Creole
13,"sòrti, sòr","['be from (somewhere)', ' go out', ' end up']",Lousiana Creole
14,(la)sòs,['sauce'],Lousiana Creole
15,sosis,['sausage'],Lousiana Creole
16,sòt,['foolish'],Lousiana Creole
17,sou,['cent'],Lousiana Creole
18,"souflé, souf","['blow (of wind)', ' breathe']",Lousiana Creole
19,soulyé,['shoes'],Lousiana Creole
20,(la)soup,['soup'],Lousiana Creole
21,soupé,['supper'],Lousiana Creole
22,soutærin,['basement'],Lousiana Creole
23,souven,['often'],Lousiana Creole
24,"sové, sov",['save'],Lousiana Creole
0,spañol,['Spanish'],Lousiana Creole
1,Spañol,['Spaniard'],Lousiana Creole
2,"spéré, èspær",['wait'],Lousiana Creole
3,spìnn,['spin records'],Lousiana Creole
4,stìl,['still'],Lousiana Creole
5,sto,['store'],Lousiana Creole
6,stov,['stove'],Lousiana Creole
7,supærb,"['super', ' wonderful']",Lousiana Creole
8,sur,['on'],Lousiana Creole
9,sûr,"['sure', ' certain']",Lousiana Creole
10,surtou,['especially'],Lousiana Creole
11,swaf,['thirsty'],Lousiana Creole
12,swaré,"['evening', ' eveningtime']",Lousiana Creole
13,swasant,['sixty'],Lousiana Creole
14,swasant-dis,['seventy'],Lousiana Creole
15,swasant-é-ènn,['sixty-one'],Lousiana Creole
16,swasant-onz,['seventy-one'],Lousiana Creole
17,"swaté, swat","['hope', ' wish']",Lousiana Creole
18,swé,['sweat'],Lousiana Creole
19,swiv,['follow'],Lousiana Creole
20,"swonñé, swonñ","['care for', ' nurse']",Lousiana Creole
21,syèl,"['sky', ' heaven']",Lousiana Creole
0,shær,"['expensive', ' dear']",Lousiana Creole
1,shagrin,"['sorry', ' sad']",Lousiana Creole
2,shak,"['each', ' every']",Lousiana Creole
3,shandèl,['candle'],Lousiana Creole
4,"shanjé, shanj",['change'],Lousiana Creole
5,shanm,"['room', ' bedroom']",Lousiana Creole
6,shanm-a-bin,['bathroom'],Lousiana Creole
7,shanm-a-koushé,['bedroom'],Lousiana Creole
8,(la)shans,"['luck', ' chance']",Lousiana Creole
9,shanson,['song'],Lousiana Creole
10,"shanté, shant",['sing'],Lousiana Creole
11,"shapé, shap","['escape', ' get away']",Lousiana Creole
12,shapo,['hat'],Lousiana Creole
13,shar,['car'],Lousiana Creole
14,"sharé, shar",['chat'],Lousiana Creole
15,"sharshé, sharsh","['seek', ' look for']",Lousiana Creole
16,"shasé, shas",['hunt'],Lousiana Creole
17,shawi,['raccoon'],Lousiana Creole
18,shé,['at the home of'],Lousiana Creole
19,shévé,['hair'],Lousiana Creole
20,shevrèt,['shrimp'],Lousiana Creole
21,shèvréy,['deer'],Lousiana Creole
22,"shiké, shik",['chew'],Lousiana Creole
23,shimij,['shirt'],Lousiana Creole
24,"shiyé, shiy",['shit'],Lousiana Creole
0,(la)tab,['table'],Lousiana Creole
1,taba,['tobacco'],Lousiana Creole
2,(la)tær,"['earth', ' ground', ' dirt']",Lousiana Creole
3,taktak,['popcorn'],Lousiana Creole
4,talœr,['soon'],Lousiana Creole
5,tambou,['drum'],Lousiana Creole
6,tan,"['so many', ' so']",Lousiana Creole
7,tandi,['while'],Lousiana Creole
8,tanpri,['interjplease'],Lousiana Creole
9,tant,['aunt'],Lousiana Creole
10,tar,['late'],Lousiana Creole
11,tas,['cup'],Lousiana Creole
12,"tayé, tay",['beat'],Lousiana Creole
13,té,"['past marker', ' was']",Lousiana Creole
14,Tèksas,['Texas'],Lousiana Creole
15,tèl,['such'],Lousiana Creole
16,tèl-é-tèl,['nphrsuch and such'],Lousiana Creole
17,tem,"['weather', ' time']",Lousiana Creole
18,tem-zen-tem,"['now and then', ' occasionally']",Lousiana Creole
19,"tendé, tenn",['hear'],Lousiana Creole
20,(la)tèt,['head'],Lousiana Creole
21,ti,"['small', ' little']",Lousiana Creole
22,ti brin,['nphra little'],Lousiana Creole
23,ti-bétay,"['nphrinsect', ' bug']",Lousiana Creole
24,ti-fiy,['granddaughter'],Lousiana Creole
0,ti-garçon,['grandson'],Lousiana Creole
1,ti-nom,['nickname'],Lousiana Creole
2,"ti-zenfan, ti-piti",['grandchild'],Lousiana Creole
3,tig,['tiger'],Lousiana Creole
4,tikèt,['ticket'],Lousiana Creole
5,tiyon,"['headscarf', ' tignon']",Lousiana Creole
6,(la)tizann,['herbal tea'],Lousiana Creole
7,to,['proyou (subject)'],Lousiana Creole
8,tô,['detyour (singular)'],Lousiana Creole
9,tomat,['tomato'],Lousiana Creole
10,"tombé, tomb",['fall'],Lousiana Creole
11,tònær,['thunder'],Lousiana Creole
12,"tòrné, tòrn",['turn'],Lousiana Creole
13,tou,['all'],Lousiana Creole
14,tou alentour,['all around'],Lousiana Creole
15,Tou-Sin,['nphrAll Saints Day'],Lousiana Creole
16,toujou,"['always', ' still']",Lousiana Creole
17,toukèkunn,"['nphreveryone', ' everybody']",Lousiana Creole
18,toukishòj,['everything'],Lousiana Creole
19,toulajourné,['all day long'],Lousiana Creole
20,toulédé,['both'],Lousiana Creole
21,touléjour,['every day'],Lousiana Creole
22,toultem,"['forever', ' always']",Lousiana Creole
23,toumoun,['nphreveryone'],Lousiana Creole
24,tous,['cough'],Lousiana Creole
0,"tousé, tous",['cough'],Lousiana Creole
1,tousœl,['all alone'],Lousiana Creole
2,traka,"['problem', ' trouble']",Lousiana Creole
3,"trakasé, trakas",['worry'],Lousiana Creole
4,trankil,"['peaceful', ' quiet', ' calm']",Lousiana Creole
5,"trapé, trap","['get', ' catch', ' trap']",Lousiana Creole
6,travay,['work'],Lousiana Creole
7,"travayé, travay",['work'],Lousiana Creole
8,"trènné, trènn","['trail', ' drag']",Lousiana Creole
9,trent,['thirty'],Lousiana Creole
10,trent-é-ènn,['thirty-one'],Lousiana Creole
11,trèz,['thirteen'],Lousiana Creole
12,trézòr,['treasure'],Lousiana Creole
13,trin,"['noise', ' train']",Lousiana Creole
14,tris,['sad'],Lousiana Creole
15,tro,['too'],Lousiana Creole
16,trò,['three'],Lousiana Creole
17,tro bokou,"['nphrtoo many', ' too much']",Lousiana Creole
18,tròk,['truck'],Lousiana Creole
19,tròs,['trust'],Lousiana Creole
20,twa,['roof'],Lousiana Creole
21,twa,['proyou (object)'],Lousiana Creole
22,twalèt,['dresser'],Lousiana Creole
0,ti-garçon,['grandson'],Lousiana Creole
1,ti-nom,['nickname'],Lousiana Creole
2,"ti-zenfan, ti-piti",['grandchild'],Lousiana Creole
3,tig,['tiger'],Lousiana Creole
4,tikèt,['ticket'],Lousiana Creole
5,tiyon,"['headscarf', ' tignon']",Lousiana Creole
6,(la)tizann,['herbal tea'],Lousiana Creole
7,to,['proyou (subject)'],Lousiana Creole
8,tô,['detyour (singular)'],Lousiana Creole
9,tomat,['tomato'],Lousiana Creole
10,"tombé, tomb",['fall'],Lousiana Creole
11,tònær,['thunder'],Lousiana Creole
12,"tòrné, tòrn",['turn'],Lousiana Creole
13,tou,['all'],Lousiana Creole
14,tou alentour,['all around'],Lousiana Creole
15,Tou-Sin,['nphrAll Saints Day'],Lousiana Creole
16,toujou,"['always', ' still']",Lousiana Creole
17,toukèkunn,"['nphreveryone', ' everybody']",Lousiana Creole
18,toukishòj,['everything'],Lousiana Creole
19,toulajourné,['all day long'],Lousiana Creole
20,toulédé,['both'],Lousiana Creole
21,touléjour,['every day'],Lousiana Creole
22,toultem,"['forever', ' always']",Lousiana Creole
23,toumoun,['nphreveryone'],Lousiana Creole
24,tous,['cough'],Lousiana Creole
0,va,"['future marker (see Grammar Sketch)', ' will']",Lousiana Creole
1,(dé)vær,['worm'],Lousiana Creole
2,vær,"['glass', ' glass (for drinking)']",Lousiana Creole
3,vær,['green'],Lousiana Creole
4,vash,['cow'],Lousiana Creole
5,vayan,"['great', ' excellent', ' nice']",Lousiana Creole
6,ve,['want'],Lousiana Creole
7,vendrédi,['Friday'],Lousiana Creole
8,Vendrédi Sin,['nphrGood Friday'],Lousiana Creole
9,venn,['sell'],Lousiana Creole
10,vent,"['stomach', ' belly']",Lousiana Creole
11,(la)vésèl,['dishes'],Lousiana Creole
12,(la)vi,['life'],Lousiana Creole
13,vid,['empty'],Lousiana Creole
14,vidyo,['video'],Lousiana Creole
15,(la)vil,['city'],Lousiana Creole
16,vilaj,['town'],Lousiana Creole
17,vilin,"['mean', ' nasty', ' ugly']",Lousiana Creole
18,vin,['twenty'],Lousiana Creole
19,vin-dé,['twenty-two'],Lousiana Creole
20,vinég,['vinegar'],Lousiana Creole
21,"vini, vyin","['come', ' become']",Lousiana Creole
22,vint-é-ènn,['twenty-one'],Lousiana Creole
23,vit,"['fast', ' quickly']",Lousiana Creole
24,viv,"['live', ' dwell']",Lousiana Creole
0,vivan,"['living', ' alive']",Lousiana Creole
1,"vizité, vizit",['visit (person or place)'],Lousiana Creole
2,vo,['worth'],Lousiana Creole
3,vô,['detyour (polite)'],Lousiana Creole
4,vo myé,"['prefer', ' would be better']",Lousiana Creole
5,"volé, vòl","['fly', ' steal']",Lousiana Creole
6,vomi,['vomit'],Lousiana Creole
7,vou,['vouzòtzòt'],Lousiana Creole
8,"voyé, vòy","['send', ' throw']",Lousiana Creole
9,vré,['true'],Lousiana Creole
10,(la)vwa,['voice'],Lousiana Creole
11,vwala,['interjvoilà'],Lousiana Creole
12,vwayaj,"['voyage', ' trip']",Lousiana Creole
13,"vwayajé, vwayaj",['travel'],Lousiana Creole
14,vwazin,['neighbor (male or female)'],Lousiana Creole
15,vwazinaj,"['neighborhood', ' vicinity']",Lousiana Creole
16,vwazinn,['neighbor (female)'],Lousiana Creole
17,(la)vyann,['meat'],Lousiana Creole
18,vyé,['old'],Lousiana Creole
19,vyolèt,"['violet (flower)', ' violet (color)']",Lousiana Creole
0,vivan,"['living', ' alive']",Lousiana Creole
1,"vizité, vizit",['visit (person or place)'],Lousiana Creole
2,vo,['worth'],Lousiana Creole
3,vô,['detyour (polite)'],Lousiana Creole
4,vo myé,"['prefer', ' would be better']",Lousiana Creole
5,"volé, vòl","['fly', ' steal']",Lousiana Creole
6,vomi,['vomit'],Lousiana Creole
7,vou,['vouzòtzòt'],Lousiana Creole
8,"voyé, vòy","['send', ' throw']",Lousiana Creole
9,vré,['true'],Lousiana Creole
10,(la)vwa,['voice'],Lousiana Creole
11,vwala,['interjvoilà'],Lousiana Creole
12,vwayaj,"['voyage', ' trip']",Lousiana Creole
13,"vwayajé, vwayaj",['travel'],Lousiana Creole
14,vwazin,['neighbor (male or female)'],Lousiana Creole
15,vwazinaj,"['neighborhood', ' vicinity']",Lousiana Creole
16,vwazinn,['neighbor (female)'],Lousiana Creole
17,(la)vyann,['meat'],Lousiana Creole
18,vyé,['old'],Lousiana Creole
19,vyolèt,"['violet (flower)', ' violet (color)']",Lousiana Creole
0,war,['see'],Lousiana Creole
1,wawaron,['bullfrog'],Lousiana Creole
2,wèl,['interjwell (discourse particle)'],Lousiana Creole
3,wès,['west'],Lousiana Creole
4,wi,['interjyes'],Lousiana Creole
5,wiski,['whiskey'],Lousiana Creole
6,wit,['eight'],Lousiana Creole
0,yær,['yesterday'],Lousiana Creole
1,yé,['prothey (subject and object)'],Lousiana Creole
2,yê,"['be (interrogative)', ' be (relative)']",Lousiana Creole
3,yê,['dettheir'],Lousiana Creole
4,-yé,['detplural marker'],Lousiana Creole
5,yéyay!,"['interjyeyaille!', ' wow!']",Lousiana Creole
0,zærb,['grass'],Lousiana Creole
1,zafær,['zanan'],Lousiana Creole
2,zariko,"['beans', ' zydeco']",Lousiana Creole
3,zartik,['article'],Lousiana Creole
4,zaryin,['spider'],Lousiana Creole
5,(dé)zèf,['egg'],Lousiana Creole
6,zégré,['egret'],Lousiana Creole
7,zéklær,['lightning'],Lousiana Creole
8,zen (dê),['adjphrsome'],Lousiana Creole
9,zépol,['shoulder'],Lousiana Creole
10,zétaj,['floor (of a building)'],Lousiana Creole
11,zindyin,['Indian (Native American)'],Lousiana Creole
12,(dé)zo,['bone'],Lousiana Creole
13,zœr,"['hour', "" o'clock""]",Lousiana Creole
14,zònyon,['onion'],Lousiana Creole
15,zoranj,"['orange (fruit)', ' orange (color)']",Lousiana Creole
16,zòrèy,['ear'],Lousiana Creole
17,zòrtèy,['toe'],Lousiana Creole
18,(vou)zòt,['proyou (plural) (subject and object)'],Lousiana Creole
19,(dé)zòt,['others'],Lousiana Creole
20,zouti,['tool'],Lousiana Creole
21,(dé)zwa,['goose'],Lousiana Creole
22,zwazo,['bird'],Lousiana Creole
0,(dé)zwit,['oyster'],Lousiana Creole
1,zyé,['eye'],Lousiana Creole
0,(dé)zwit,['oyster'],Lousiana Creole
1,zyé,['eye'],Lousiana Creole
